省,省类型,市,市类型,register,stock,person_density,PGDP,autobus,taxi,passenger_volume,POP,Built_area,Construction_land_area,wage_average,P_road_area,city,year,P_baidu_index,baidu_index,scale,all_area,downtown_area,Built_area_all,Built_area_downtown,Construction_land_area_all,Construction_land_area_downtown,road_area_all,road_area_downtown,DMSP_mean,DMSP_sum,VNL_mean,VNL_sum,location_x,location_y
安徽省,省,安庆市,地级市,,0.079297694,403.84,31101.0,10184.48239,39029.56479,12.82149676,1.36253043,1861.679577,2058.798592,49802.0,15.86,安庆市,2015,1138.909859,52.0,2,15402.0,810.0,0.120872587,2.298369849,0.13367086,2.541726656,0.075834307,1.441975309,2.217185185,29932.0,0.402239606,29388.83235,20026.6,3396.7
安徽省,省,蚌埠市,地级市,,0.06868651,631.83,38267.0,36338.3432,79595.36,10.21575832,1.152142836,4224.6768,4224.6768,51146.0,16.69,蚌埠市,2015,1469.4528,48.0,2,5951.0,611.0,0.709910402,6.914364647999999,0.709910402,6.914364647999999,0.31860191600000004,3.1031096560000004,6.745344741,40209.0,1.249272115,41495.82258,20090.8,3682.74
安徽省,省,亳州市,地级市,,0.070344179,745.22,18771.0,6093.646464,22920.87281,11.23740098,1.264431641,1115.177131,1254.574272,47338.0,9.06,亳州市,2015,597.41632,30.0,2,8521.0,2263.0,0.130873974,0.492787066,0.147233221,0.554385449,0.173336463,0.652673442,4.120746304,35117.0,0.734145945,34943.878710000005,19982.1,3713.01
安徽省,省,池州市,地级市,,0.073708334,192.88,38014.0,38869.52023,73621.80224,28.0809604,1.127774356,2581.996856,2581.996856,49733.0,11.52,池州市,2015,1325.890277,19.0,2,8399.0,2357.0,0.307417175,1.095458997,0.307417175,1.095458997,0.091558519,0.326262198,1.728474455,14514.0,0.321007458,14558.65125,20112.8,3368.71
安徽省,省,滁州市,地级市,,0.060140476,332.2,32634.0,12779.57405,33804.838169999995,21.69039985,1.118673591,2092.561832,2889.728244000001,56336.0,35.56,滁州市,2015,1046.280916,42.0,2,13516.0,1406.0,0.154821088,1.4883085580000002,0.213800551,2.055283246,0.141313998,1.358463727,5.067066400000002,68451.0,0.80884275,60447.24522,20167.9,3624.56
安徽省,省,阜阳市,地级市,,0.069809388,1030.84,16121.0,9469.500787,22696.33701,16.78234181,1.323508713,1548.6314960000002,1485.162992,48583.0,8.28,阜阳市,2015,850.4779527999998,67.0,2,10118.0,1957.0,0.153057076,0.7913293290000001,0.146784245,0.7588977990000001,0.182051789,0.941236587,5.7800850389999985,58454.0,0.931854202,52369.2743,19940.3,3653.34
安徽省,省,合肥市,地级市,,0.150958084,627.35,73102.0,60496.42544,121431.9795,14.47962053,0.92697469,5372.867845000002,5424.530035,65806.0,25.29,合肥市,2015,2105.234276,163.0,2,11445.0,1127.0,0.4694511,4.767407138,0.473965053,4.8132475910000005,0.554652687,5.632653061,10.07991982,115657.0,2.246751773,141390.3358,20102.6,3533.06
安徽省,省,淮北市,地级市,,0.082514542,791.68,35057.0,20377.94533,75333.85218999999,16.61125272,0.99815049,3918.83564,4149.355384,51096.0,11.48,淮北市,2015,1521.430307,33.0,2,2741.0,760.0,1.429710193,5.156362683999999,1.5138107930000002,5.459678137,0.438890916,1.582894737,12.11576265,33282.0,1.676677673,25795.686,20032.6,3748.35
安徽省,省,淮南市,地级市,,0.052156928,952.01,26398.0,21180.92445,90963.72118,12.96049928,0.721264675,3163.955519,3134.659635,59424.0,8.77,淮南市,2015,1201.131262,41.0,2,2584.0,1736.0,1.22444099,1.822555023,1.213103574,1.805679513,0.625386997,0.930875576,8.65565186,47935.0,1.056829728,32281.92087,20042.6,3608.87
安徽省,省,黄山市,地级市,,0.107399972,152.92,38794.0,13810.63477,42016.48145,28.95118252,1.07920246,4749.689207,3580.5349409999994,55137.0,17.33,黄山市,2015,1607.587116,22.0,2,9678.0,2358.0,0.4907717720000001,2.014287196,0.369966413,1.518462655,0.080698491,0.331212892,0.881313914,8532.0,0.202713023,10550.80742,20183.8,3330.86
安徽省,省,六安市,地级市,,0.084253799,390.24,21524.0,6457.2,39038.62745,32.76290431,1.514551031,1561.545098,1561.545098,51354.0,7.37,六安市,2015,844.0784313999999,40.0,2,18399.0,3576.0,0.084871194,0.436673685,0.084871194,0.436673685,0.076199793,0.392058166,2.527363507,38977.0,0.441934342,37363.78085,19996.3,3515.83
安徽省,省,马鞍山市,地级市,,0.117866776,373.85,64710.0,49500.38462,148639.4231,16.39596538,0.956961346,4728.807692,4728.807692,43652.0,11.36,马鞍山市,2015,2295.269231,83.0,2,9255.0,792.0,0.510946266,5.970716782999999,0.510946266,5.970716782999999,0.184224743,2.152777778,6.365432365,58963.0,1.013346557,57620.91191,20199.6,3525.44
安徽省,省,宿州市,地级市,,0.054550699,653.99,22415.0,6001.435484000001,29247.95968,10.07048105,1.174094085,1355.745968,1355.745968,45658.0,8.35,宿州市,2015,723.0645161,40.0,2,9939.0,2907.0,0.136406678,0.466372882,0.136406678,0.466372882,0.15836603300000002,0.541451668,4.774489077,47425.0,0.778728526,43385.30237,20075.4,3765.4
安徽省,省,铜陵市,地级市,,0.056248829000000014,616.15,57387.0,30909.408730000006,99715.89294,10.75219351,0.46458541,4784.348398,4595.492541,56543.0,11.83,铜陵市,2015,1699.70272,27.0,2,1201.0,355.0,3.983637301,13.47703774,3.82638846,12.94504941,0.441298918,1.492957746,7.065661642,21091.0,0.962669663,15591.39786,20127.5,3436.69
安徽省,省,芜湖市,地级市,,0.102842602,638.9,67592.0,38329.60976,101662.7642,11.78738537,1.057265272,4533.609756,4368.75122,57372.0,23.48,芜湖市,2015,2280.543089,83.0,2,6026.0,1491.0,0.75234148,3.040650407,0.724983608,2.9300813010000004,0.568536343,2.29778672,12.32806521,74104.0,1.750177116,57314.80018,20181.1,3470.98
安徽省,省,宣城市,地级市,,0.096593269,227.4,37610.0,9485.186631,38676.33242,26.77145533,1.083827754,2013.182469,1974.467421,56767.0,4.66,宣城市,2015,1432.456756,37.0,2,12313.0,2621.0,0.163500566,0.768097088,0.160356324,0.75332599,0.03281085,0.154139641,2.788508359,34360.0,0.48385664,32321.623560000004,20253.4,3422.55
澳门特别行政区,特别行政区,澳门特别行政区,特别行政区,,,,,,,,,,,,,,,,,,,,,,,,,,,,,,,
北京市,直辖市,北京市,直辖市,,,,,,,,,,,,,,,,,,,,,,,,,,,,,,,
福建省,省,福州市,地级市,,,534.91,75259.0,56805.81459,86400.54591,17.04576176,0.908410947,3481.733096,3200.516192,62478.0,14.17,福州市,2015,1955.127046,146.0,2,12675.0,1786.0,0.274692946,1.94945862,0.252506208,1.792002347,0.223589744,1.586786114,13.39308767,163918.0,2.074161059,131997.5356,20322.6,2908.07
福建省,省,龙岩市,地级市,,,162.09,66865.0,11413.16379,23594.8908,8.050699713,1.188890443,2228.833333,2113.548851,55430.0,5.81,龙岩市,2015,1882.979885,49.0,2,19063.0,4901.0,0.116919338,0.454771135,0.110871786,0.43124849,0.031002466,0.120587635,2.083758347,39631.0,0.373015816,36659.99444,20078.6,2810.91
福建省,省,南平市,地级市,,,121.77,50929.0,16190.86119,23070.07687,8.087829253999999,1.215682831,1558.275373,1444.255224,56381.0,4.52,南平市,2015,1368.241791,36.0,2,26280.0,6039.0,0.059295105999999986,0.25803533300000003,0.054956439,0.239154698,0.014764079,0.064249048,1.243522922,32686.0,0.249447397,34431.97257,20207.9,3045.49
福建省,省,宁德市,地级市,,,259.44,52006.0,8586.225503,23350.34497,24.05190242,1.217847887,1047.100671,977.2939597,56625.0,8.68,宁德市,2015,2268.718121,65.0,2,13452.0,1537.0,0.077839776,0.6812626359999999,0.072650458,0.6358451270000001,0.031073446,0.27195836,3.5261287930000003,47638.0,0.572095691,40538.12859,20344.8,3012.97
福建省,省,莆田市,地级市,,,832.73,57888.0,32117.378310000004,42474.44819,9.471313735,1.200513427,3033.889157,4289.291566,52149.0,3.73,莆田市,2015,2371.315663,68.0,2,4131.0,2290.0,0.7344200329999999,1.324842426,1.038317978,1.873053086,0.208182038,0.375545852,17.540221399999997,71301.0,2.691358962,56497.00732999999,20296.4,2838.85
福建省,省,泉州市,地级市,,,655.47,72421.0,14731.89397,24156.05993,8.393287231,0.852126245,2559.504397,2170.27101,54044.0,21.92,泉州市,2015,1533.343648,130.0,2,11015.0,855.0,0.232365356,2.993572395,0.197028689,2.538328666,0.213980935,2.7567251460000004,16.91007194,192741.0,2.800196025,164578.7212,20233.6,2807.19
福建省,省,三明市,地级市,,,123.67,67978.0,14191.89825,16060.29942,9.023980117,1.1294683840000002,1470.869006,1351.609357,59166.0,12.67,三明市,2015,1590.128655,40.0,2,22965.0,1151.0,0.064048291,1.277905305,0.058855186,1.174291361,0.01558894,0.311033884,1.538069518,35311.0,0.28528892,34112.28141,20139.7,2925.83
福建省,省,厦门市,地级市,,,1241.91,90379.0,122180.9478,147601.6695,9.446819395,0.5499575170000001,8256.52536,8256.52536,66930.0,19.57,厦门市,2015,3490.140058,134.0,2,1699.0,1699.0,4.859638234,4.859638234,4.859638234,4.859638234,2.432607416,2.432607416,39.87918321,70307.0,10.70884622,97236.32367,20222.0,2747.37
福建省,省,漳州市,地级市,,,389.75,55569.0,10331.42058,20101.13285,6.196846245,1.007223232,1324.026715,1303.965704,56931.0,18.95,漳州市,2015,1404.270758,70.0,2,12880.0,401.0,0.102797105,3.3018122560000003,0.101239573,3.251784798,0.08718944099999999,2.8004987530000003,9.695207244,131690.0,1.251544337,87130.01366,20155.9,2707.22
甘肃省,省,白银市,地级市,,0.126091906,85.55,25410.0,17728.93161,121001.421,11.55013564,1.057650718,3627.702177,3569.190851,51196.0,12.72,白银市,2015,1579.805787,27.0,2,21158.0,3478.0,0.171457708,1.043042604,0.168692261,1.026219336,0.029728708,0.180851064,0.675256193,13574.0,0.245842026,28674.03053,18929.4,4072.41
甘肃省,省,定西市,地级市,,0.101215747,153.5,10987.0,3891.527487,18160.46161,7.015559275,1.084114699,900.8165479,1189.077843,4958.0,5.82,定西市,2015,216.1959715,6.0,2,19609.0,3646.0,0.045938934,0.24706981600000005,0.060639392,0.326132157,0.013667194,0.073505211,0.705201428,13829.0,0.253854579,28367.23379,18902.7,3907.36
甘肃省,省,甘南藏族自治州,自治州,,,,,,,,,,,,,甘南藏族自治州,2015,,,2,,,,,,,,,0.108990265,3997.0,0.132405033,27386.2598,18740.8,3830.18
甘肃省,省,嘉峪关市,地级市,,0.206511731,68.14,78336.0,56883.47072999999,316156.6815,2871.007696,0.834703103,28853.93443,28441.73537,53998.0,20.0,嘉峪关市,2015,6182.985949,15.0,2,2935.0,2935.0,9.83098277,9.83098277,9.690540159,9.690540159,0.137989779,0.137989779,9.55781759,11737.0,1.958568654,14559.99938,18403.5,4489.57
甘肃省,省,金昌市,地级市,,0.123325656,51.71,47739.0,24665.13122,108441.5252,16.5639114,0.971508487,8930.478544,8930.478544,52683.0,23.04,金昌市,2015,1063.152208,5.0,2,8896.0,3019.0,1.003875736,2.9580916010000005,1.003875736,2.9580916010000005,0.053732014,0.158330573,1.202569818,9172.0,0.356296569,16145.22271,18717.2,4293.65
甘肃省,省,酒泉市,地级市,,0.127598737,5.77,48920.0,29722.15487,71836.02385,72.69805614,1.001573763,4669.34155,4938.72664,54778.0,13.52,酒泉市,2015,1346.925447,15.0,2,193974.0,3386.0,0.024071997,1.3790140430000002,0.025460766,1.458572546,0.00289214,0.165682221,0.129743042,21757.0,0.14754155300000002,150894.5821,18223.8,4566.89
甘肃省,省,兰州市,地级市,,0.169586653,246.06,56972.0,72218.79238,202006.4343,11.03357733,0.873299371,6131.272381000002,5805.718095,62201.0,9.89,兰州市,2015,3336.931429,123.0,2,13086.0,1632.0,0.468536786,3.756907096,0.443658727,3.557425303,0.15474553,1.240808824,4.295017416,56720.0,1.00568529,76764.9639,18838.8,4050.22
甘肃省,省,临夏回族自治州,自治州,,,,,,,,,,,,,临夏回族自治州,2015,,,2,,,,,,,,,1.067511067,8681.0,0.32457742,15123.03571,18800.7,3971.29
甘肃省,省,陇南市,地级市,,0.051525323,102.73,12172.0,2974.100331,26071.65874,11.95047587,1.103738845,540.7455147000002,540.7455147000002,46132.0,1.24,陇南市,2015,1467.737826,38.0,2,27839.0,4683.0,0.019424028,0.115469894,0.019424028,0.115469894,0.002514458,0.014947683,0.410415397,11451.0,0.16933163699999998,26420.30729,18963.2,3733.81
甘肃省,省,平凉市,地级市,,0.102261522,208.59,18490.0,11911.89861,46424.49771,19.10689808,1.239475593,1914.412277,2073.946633,53028.0,2.75,平凉市,2015,1010.384257,19.0,2,11170.0,1936.0,0.171388745,0.988849317,0.18567114,1.071253426,0.012623098,0.072830579,1.068463612,11892.0,0.315195586,20013.65896,19104.1,3917.4
甘肃省,省,庆阳市,地级市,,0.10848843,98.45,27366.0,10597.37979,48451.57962,12.21392925,1.200332877,1077.6996390000004,1167.507943,56002.0,8.1,庆阳市,2015,808.2747295,18.0,2,27119.0,996.0,0.039739653,1.08202775,0.04305129,1.17219673,0.011394225,0.310240964,2.173898605,58917.0,0.448253563,70107.30556000001,19193.4,4008.84
甘肃省,省,天水市,地级市,,0.067452993,257.06,16743.0,14149.70905,30204.18663,8.586575578,1.110117238,1693.127579,1451.25221,45546.0,4.63,天水市,2015,574.4539999,19.0,2,14277.0,5858.0,0.118591271,0.289028265,0.101649661,0.247738513,0.042305807,0.103106862,1.257695814,17936.0,0.313013041,25308.04342,19017.3,3848.13
甘肃省,省,武威市,地级市,,0.082095725,57.16,22931.0,20826.96921,63086.98345,26.97037415,1.047078632,1763.129669,1708.031866,52009.0,4.51,武威市,2015,1542.73846,28.0,2,33238.0,5081.0,0.0530456,0.34700446100000004,0.051387925,0.33616057200000005,0.013990011,0.091517418,0.500061736,16200.0,0.212659365,40811.45877,18803.2,4256.22
甘肃省,省,张掖市,地级市,,0.110476203,31.01,30704.0,15864.51423,100694.4556,38.63379113,1.06916962,5260.771558,3123.5831120000007,51569.0,13.07,张掖市,2015,1726.190667,21.0,2,41924.0,4240.0,0.125483531,1.240748009,0.074505847,0.73669413,0.015838183,0.156603774,0.289152868,11124.0,0.187852554,43247.22706000001,18530.4,4373.98
广东省,省,潮州市,地级市,,0.080115795,867.77,33954.0,7163.055802,34211.05297,8.368090711,1.017750845,,2835.376255,48471.0,,潮州市,2015,1454.99571,39.0,2,3146.0,1414.0,,,0.901263908,2.005216588,,,12.01258441,39137.0,1.706145489,28359.55032,20090.3,2643.57
广东省,省,东莞市,地级市,,0.222145841,792.68,75616.0,59047.90828,93448.37197,5.933688662000001,0.234806945,11185.87006,12582.59873,53221.0,73.04,东莞市,2015,1962.644586,163.0,2,2460.0,2460.0,4.547101652,4.547101652,5.114877531,5.114877531,5.790243902,5.790243902,56.16326531,137600.0,13.23463706,165207.9745,19795.0,2540.18
广东省,省,佛山市,地级市,,0.239950378,1024.22,108299.0,90240.14175,56044.7325,7.201883500000001,0.526563275,,,61810.0,,佛山市,2015,2003.5315,148.0,2,3798.0,3798.0,,,,,,,41.71522655,158351.0,7.636920787,147025.999,19699.4,2546.56
广东省,省,广州市,地级市,,0.168375169,1148.78,136188.0,104812.0906,165697.9081,64.03695196,0.642709545,9307.434033,,81171.0,13.15,广州市,2015,2076.678895,276.0,2,7434.0,7434.0,1.252008883,1.252008883,,,1.51062685,1.51062685,32.09182984,237640.0,6.724672824,253177.2071,19759.7,2583.4
广东省,省,河源市,地级市,,0.059958949,233.81,26401.0,7528.437031,16132.365069999998,10.61477031,1.194153512,,,51456.0,,河源市,2015,1173.262914,36.0,2,15654.0,362.0,,,,,,,2.138885338,33465.0,0.421109055,33706.41098,19902.8,2665.82
广东省,省,惠州市,地级市,,0.135708585,314.65,66231.0,50031.82548,41552.57006000001,14.34090984,0.7531561520000001,4577.11051,4513.832484000001,58607.0,20.47,惠州市,2015,2362.379618,112.0,2,11346.0,2697.0,0.40341182,1.697111794,0.397834698,1.673649419,0.262383219,1.103819058,12.61524406,144987.0,1.800778091,105006.9721,19858.7,2574.86
广东省,省,江门市,地级市,,0.114780953,411.36,49608.0,22522.91786,14838.10714,20.03587393,0.866833361,3321.964286,841.5642857,54106.0,13.8,江门市,2015,2236.789286,101.0,2,9505.0,1786.0,0.34949650600000004,1.8600024,0.088539115,0.471200608,0.20378748,1.084546473,11.72523962,113770.0,1.44590315,70739.36568999999,19672.4,2464.33
广东省,省,揭阳市,地级市,,0.04770836,1339.69,31255.0,6201.388889,9144.981481,3.375209259,1.160370815,2133.277778,1736.388889,44878.0,6.03,揭阳市,2015,1091.444444,66.0,2,5240.0,1031.0,0.40711408,2.069134605,0.331371925,1.68417933,0.241030534,1.225024248,13.5109558,71527.0,1.7931616190000002,48293.42873,20024.1,2591.03
广东省,省,茂名市,地级市,,0.054425385,687.72,40324.0,6056.829388,6583.510204,10.3739662,1.293396415,1975.053061,1991.511837,53036.0,,茂名市,2015,872.3151019999998,53.0,2,11429.0,2716.0,0.172810662,0.7271918490000001,0.174250751,0.733251781,,,4.568831396,52272.0,0.676331033,38987.1024,19495.2,2434.87
广东省,省,梅州市,地级市,,0.059806245999999987,343.89,22155.0,23452.79602,10849.2265,5.874740734,1.255255506,1246.506875,1223.423414,54018.0,7.65,梅州市,2015,1315.757257,57.0,2,15819.0,3047.0,0.078798083,0.409093165,0.07733885900000001,0.401517366,0.04677919,0.24286183100000006,2.148045397,34068.0,0.417836582,33924.98777,20016.5,2687.15
广东省,省,清远市,地级市,,0.089878481,220.11,33392.0,13565.5,12600.2625,7.46363375,1.091787963,9991.5125,3469.6375,59788.0,,清远市,2015,1539.1625,59.0,2,19036.0,3650.0,0.52487458,2.737400685,0.182267152,0.950585616,,,3.913913546,74517.0,0.586267434,57161.6611,19690.5,2691.32
广东省,省,汕头市,地级市,,0.090474094,2501.14,33732.0,21411.70267,18615.73476,2.853691123,0.992947418,4581.779679,4491.587165999998,52299.0,4.62,汕头市,2015,1659.542246,92.0,2,2199.0,2085.0,2.083574206,2.197496249,2.042558966,2.154238449,1.140518417,1.202877698,32.85246599,77269.0,4.916101066,58752.32384,20072.9,2592.23
广东省,省,汕尾市,地级市,,0.023631676,737.92,25283.0,9720.873508,11943.73537,3.725781894,1.190923124,564.0097257,564.0097257,48162.0,5.0,汕尾市,2015,729.8949391,22.0,2,4865.0,421.0,0.115932112,1.33969056,0.115932112,1.33969056,0.05364851,0.619952494,7.1377761139999985,38130.0,0.956897007,25904.158880000006,19971.4,2537.84
广东省,省,韶关市,地级市,,0.069942989,179.23,39380.0,15717.75652,35236.539130000005,18.88527826,1.130753896,3390.104348,3390.104348,54923.0,8.07,韶关市,2015,1540.9565220000004,45.0,2,18412.0,2871.0,0.18412472,1.180809595,0.18412472,1.180809595,0.040625679,0.260536398,1.956708311,36023.0,0.356048283,33713.49985,19780.6,2748.95
广东省,省,深圳市,地级市,,0.28410605,1777.67,157985.0,286322.9863,,5.9348193710000015,0.320474829,8124.942856999999,8079.804286,81034.0,33.35,深圳市,2015,2229.845429,247.0,2,1997.0,1997.0,4.06857429,4.06857429,4.0459711,4.0459711,5.927891838,5.927891838,54.01684605,115434.0,18.07198235,195394.2732,19822.6,2508.67
广东省,省,阳江市,地级市,,0.084957108,367.02,49894.0,9020.8352,17043.7904,5.85555984,1.166002822,2554.5728,3033.5552,50182.0,8.12,阳江市,2015,1317.2016,33.0,2,7956.0,2483.0,0.321087582,1.0288251309999998,0.381291503,1.221729843,0.122674711,0.393072896,5.033803863,40653.0,0.8706682170000001,35425.74843,19580.0,2437.05
广东省,省,云浮市,地级市,,0.063243713,384.07,29078.0,5912.304092,5096.813873,11.3149268,1.218872457,856.2647306,733.9411977000002,49934.0,6.27,云浮市,2015,1182.460818,29.0,2,7785.0,777.0,0.109989047,1.10201381,0.094276326,0.944583266,0.0268465,0.268983269,3.623620026,28228.0,0.56537305,22303.96683,19581.5,2524.39
广东省,省,湛江市,地级市,,0.043310908,620.62,32933.0,10973.0542,16245.101680000002,11.47811912,1.138762255,1508.27605,1494.4386550000004,50177.0,7.88,湛江市,2015,1010.129832,73.0,2,13261.0,1703.0,0.113737731,0.88565828,0.112694266,0.8775329740000001,0.096674459,0.7527891959999999,5.174412571,69808.0,0.888026678,60059.90828,19413.2,2331.53
广东省,省,肇庆市,地级市,,0.078952375,294.14,48670.0,15490.40102,20653.86802,7.705671574,1.082771619,2890.553299,2717.614213,54469.0,10.74,肇庆市,2015,1507.040609,61.0,2,14891.0,2892.0,0.194114116,0.999499758,0.182500451,0.939700627,0.096971325,0.4993084370000001,4.350063746,64829.0,0.636031521,48251.89532,19623.1,2604.55
广东省,省,中山市,地级市,,0.221892994,891.26,94030.0,75317.71761,54980.99668,5.201327243,0.495703668,4342.249169,3623.747508,58776.0,4.86,中山市,2015,3342.594684,107.0,2,1784.0,1784.0,2.433996171,2.433996171,2.0312486030000003,2.0312486030000003,0.432174888,0.432174888,47.5759249,86160.0,8.321704111,76434.85226,19746.3,2493.33
广东省,省,珠海市,地级市,,0.25072540600000004,646.65,124706.0,115921.2916,195782.2768,20.56727527,0.690797522,7617.509359999999,7617.509359999999,67958.0,54.24,珠海市,2015,5590.268966,91.0,2,1732.0,1732.0,4.398100092,4.398100092,4.398100092,4.398100092,3.521362587,3.521362587,34.64585466,67698.0,5.562399409,54839.69578,19743.7,2452.52
广西壮族自治区,自治区,百色市,地级市,,0.055448845,114.09,27363.0,4717.03148,13257.92872,11.83723699,1.15327233,1256.014299,1172.280013,49809.0,12.52,百色市,2015,558.2285775,20.0,2,36201.0,3718.0,0.034695569,0.337819876,0.032382531,0.31529855100000004,0.012402972,0.120763852,1.079378656,39121.0,0.248057035,45927.01588,19020.2,2661.66
广西壮族自治区,自治区,北海市,地级市,,,515.43,55248.0,24772.56338,47749.11592,14.38047304,1.0649725,4520.992817,4397.13,49773.0,14.01,北海市,2015,2167.599296,35.0,2,3337.0,957.0,1.3548075569999998,4.724130425,1.317689542,4.594702195,0.27240036,0.94984326,7.380640083999999,28135.0,1.552779815,29724.864,19327.9,2397.3
广西壮族自治区,自治区,崇左市,地级市,,0.045429263,143.66,33355.0,4445.2289329999985,7424.997778,6.653188798,1.215354899,1367.762749,928.1247222,47630.0,6.03,崇左市,2015,0.0,0.0,2,17332.0,2918.0,0.07891546,0.46873295,0.053549775999999986,0.318068788,0.012808678,0.076079507,0.897537912,15566.0,0.221211799,19406.46869,19116.4,2494.2
广西壮族自治区,自治区,防城港市,地级市,,0.098905424,153.9,67972.0,32960.809330000004,36464.94852,9.844441058,1.04697109,4161.165297,3942.156597,51432.0,11.7,防城港市,2015,1204.547849,11.0,2,6238.0,2836.0,0.667067217,1.46726562,0.631958416,1.390041113,0.106444373,0.234132581,4.030234802,25060.0,0.6306147120000001,19745.17726,19191.2,2422.59
广西壮族自治区,自治区,贵港市,地级市,,0.04420312,517.83,20240.0,4842.4214649999985,8538.56925,6.922089428,1.284154029,1660.927169,1590.7471480000004,52653.0,4.11,贵港市,2015,771.9802336,33.0,2,10602.0,3548.0,0.156661684,0.468130544,0.150042176,0.44835038,0.076872288,0.229706877,2.256214689,23961.0,0.4327759470000001,23340.90515,19397.5,2579.1
广西壮族自治区,自治区,桂林市,地级市,,0.085124174,190.23,39329.0,14758.51134,40423.72474,16.30328959,1.072363976,2006.995361,1986.72268,53925.0,9.88,桂林市,2015,1500.178351,74.0,2,27809.0,2767.0,0.072170713,0.72533262,0.071441716,0.718006028,0.045488870999999986,0.457173834,1.341324944,37093.0,0.312558015,44647.66224,19450.9,2805.33
广西壮族自治区,自治区,河池市,地级市,,0.050678016,126.96,17841.0,4676.505167,8660.194753,11.07638909,1.225533027,663.9482644,663.9482644,53638.0,7.68,河池市,2015,837.1521594,29.0,2,33476.0,2346.0,0.01983356,0.2830129,0.01983356,0.2830129,0.007826503,0.111679454,0.495129094,16569.0,0.17712623100000002,30459.68952,19180.1,2730.16
广西壮族自治区,自治区,贺州市,地级市,,0.055988729,204.2,23178.0,8615.478874,22281.41088,6.1892808,1.187302114,1188.341914,2624.255059,55799.0,2.72,贺州市,2015,544.6567104,11.0,2,11753.0,5517.0,0.101109667,0.215396395,0.223283847,0.47566704,0.027312176,0.058183796,0.995998978,11700.0,0.264079446,15909.20215,19536.6,2695.14
广西壮族自治区,自治区,来宾市,地级市,,0.05147727,198.34,25667.0,17212.630119999998,32860.47569,8.767395824,1.2234774309999998,1886.946083,1886.946083,43588.0,5.67,来宾市,2015,552.2769023,12.0,2,13411.0,4363.0,0.140701371,0.432488215,0.140701371,0.432488215,0.047125494,0.14485445800000002,1.235148885,16509.0,0.324458604,22156.95363,19338.2,2640.05
广西壮族自治区,自治区,柳州市,地级市,,0.196612222,205.41,58869.0,33273.78261,60891.02217,6.6317208260000005,0.976764686,4709.52,4709.52,54223.0,16.43,柳州市,2015,1919.641304,75.0,2,18597.0,1017.0,0.253240845,4.63079646,0.253240845,4.63079646,0.105554659,1.930186824,2.416362073,44954.0,0.541431564,51844.77939,19335.5,2761.01
广西壮族自治区,自治区,南宁市,地级市,,0.148851567,332.81,49066.0,44648.62111,96693.11437,8.594463871,1.06510631,4129.601760000001,4100.824047,66749.0,14.13,南宁市,2015,1913.717889,133.0,2,22235.0,6559.0,0.185725287,0.62960844,0.184431034,0.625220925,0.184618844,0.6258576,4.285449113,94657.0,0.948338281,106281.2195,19240.0,2553.1
广西壮族自治区,自治区,钦州市,地级市,,0.048750841,332.18,29560.0,9483.746816,19499.58504,5.192586128,1.26481257,2910.852983,2691.756522,46703.0,8.07,钦州市,2015,751.1878666,24.0,2,12162.0,4836.0,0.239339992,0.601913355,0.221325154,0.556608048,0.098010196,0.246484698,2.80308845,30677.0,0.580944601,32071.62764,19295.2,2454.37
广西壮族自治区,自治区,梧州市,地级市,,0.215644512,273.28,36104.0,14374.74074,26944.28148,6.428517778,1.149711822,1872.059259,1805.2,47517.0,13.4,梧州市,2015,902.6,27.0,2,12588.0,1793.0,0.148717768,1.044093285,0.143406419,1.006804239,0.083651096,0.587283882,1.650940389,20716.0,0.322964201,20647.74732,19499.1,2597.7
广西壮族自治区,自治区,玉林市,地级市,,0.058105322,553.95,25444.0,4439.53931,12265.76276,5.732796414,1.247159594,1193.235862,1193.235862,47658.0,9.51,玉林市,2015,736.9986207000002,42.0,2,12835.0,1251.0,0.092967344,0.953825629,0.092967344,0.953825629,0.080638878,0.827338129,2.8336968380000003,36379.0,0.534355785,34650.30088,19415.8,2482.93
贵州省,省,安顺市,地级市,,,319.41,27065.0,23541.93249,68591.84375,35.58553509,1.283078596,2856.190339,2553.261061,61092.0,4.81,安顺市,2015,735.6853904,17.0,2,9267.0,2703.0,0.308210892,1.056674191,0.275521858,0.944602686,0.067983166,0.233074362,3.627402289,33597.0,0.695470823,33406.94101,18993.9,2886.08
贵州省,省,毕节市,地级市,,,,22230.0,,,,,,,,,毕节市,2015,,32.0,2,,,,,,,,,1.11040316,29801.0,0.269001204,37849.27642,18925.2,3008.47
贵州省,省,贵阳市,地级市,,,487.38,63003.0,69434.10208,171110.9159,138.6066,0.854115757,5123.0813149999985,,63949.0,11.2,贵阳市,2015,2681.442561,123.0,2,8043.0,2525.0,0.636961496,2.028943095,,,0.328857392,1.047524752,9.073267819,72940.0,1.805134252,75961.85447,19073.0,2977.36
贵州省,省,六盘水市,地级市,,,335.89,41618.0,15398.66,46369.38833,,1.156286767,2497.08,2115.581667000001,57597.0,12.14,六盘水市,2015,867.0416667000003,25.0,2,9914.0,476.0,0.251874117,5.245966387,0.213393349,4.4444993,0.057090982,1.18907563,3.048768174,30195.0,0.569569856,29339.68242,18888.3,2906.19
贵州省,省,黔东南苗族侗族自治州,自治州,,,,23311.0,,,,,,,,,黔东南苗族侗族自治州,2015,,,2,,,,,,,,,0.7078458590000001,21418.0,0.21434203,33831.10293,19256.5,2935.04
贵州省,省,黔南布依族苗族自治州,自治州,,,,27888.0,,,,,,,,,黔南布依族苗族自治州,2015,,,2,,,,,,,,,1.198792187,31364.0,0.298971325,40610.17195,19124.4,2883.58
贵州省,省,黔西南布依族苗族自治州,自治州,,,,28464.0,,,,,,,,,黔西南布依族苗族自治州,2015,,,2,,,,,,,,,1.737499257,29223.0,0.418865537,36370.51343,18941.8,2806.99
贵州省,省,铜仁市,地级市,,,,24712.0,,,,,,,,,铜仁市,2015,,23.0,2,,,,,,,,,1.236459489,22281.0,0.285134622,27142.82007,19258.2,3097.59
贵州省,省,遵义市,地级市,,,257.79,35123.0,13709.3,39946.34286,155.0672357,1.284093643,1391.971429,1391.971429,66991.0,6.05,遵义市,2015,890.2142857000001,55.0,2,30762.0,1316.0,0.045249705,1.057729049,0.045249705,1.057729049,0.017944217,0.419452888,1.381639685,42502.0,0.275231709,44804.69465,19115.3,3123.28
海南省,省,白沙黎族自治县,省直辖县,,,,,,,,,,,,,,,,,,,,,,,,,,,,,,,
海南省,省,保亭黎族苗族自治县,省直辖县,,,,,,,,,,,,,,,,,,,,,,,,,,,,,,,
海南省,省,昌江黎族自治县,省直辖县,,,,,,,,,,,,,,,,,,,,,,,,,,,,,,,
海南省,省,澄迈县,省直辖县,,,,,,,,,,,,,,,,,,,,,,,,,,,,,,,
海南省,省,儋州市,地级市,,,,,,,,,,,,,,,,,,,,,,,,,,,,,,,
海南省,省,定安县,省直辖县,,,,,,,,,,,,,,,,,,,,,,,,,,,,,,,
海南省,省,东方市,省直辖县,,,,,,,,,,,,,,,,,,,,,,,,,,,,,,,
海南省,省,海口市,地级市,,,716.15,52534.0,77080.05862000001,124994.6897,9.827481034,0.746345103,6521.462069,6249.734483,57455.0,10.15,海口市,2015,4528.793103,100.0,2,2304.0,2304.0,2.83049569,2.83049569,2.712558369,2.712558369,0.725694444,0.725694444,15.68490946,38977.0,3.40972863,42205.62098,19439.1,2196.29
海南省,省,乐东黎族自治县,省直辖县,,,,,,,,,,,,,,,,,,,,,,,,,,,,,,,
海南省,省,临高县,省直辖县,,,,,,,,,,,,,,,,,,,,,,,,,,,,,,,
海南省,省,陵水黎族自治县,省直辖县,,,,,,,,,,,,,,,,,,,,,,,,,,,,,,,
海南省,省,琼海市,省直辖县,,,,,,,,,,,,,,,,,,,,,,,,,,,,,,,
海南省,省,琼中黎族苗族自治县,省直辖县,,,,,,,,,,,,,,,,,,,,,,,,,,,,,,,
海南省,省,三沙市,地级市,,,,,,,,,,,,,,,,,,,,,,,,,,,,,,,
海南省,省,三亚市,地级市,,,301.93,58486.0,100513.9597,315364.2259,13.298976500000002,0.7753934029999999,9125.432919,19727.03881,61502.0,7.51,三亚市,2015,2147.160687,16.0,2,1921.0,1921.0,4.750355502,4.750355502,10.26915086,10.26915086,0.225923998,0.225923998,15.64734495,38602.0,2.322229108,28245.27264,19332.8,2031.99
海南省,省,屯昌县,省直辖县,,,,,,,,,,,,,,,,,,,,,,,,,,,,,,,
海南省,省,万宁市,省直辖县,,,,,,,,,,,,,,,,,,,,,,,,,,,,,,,
海南省,省,文昌市,省直辖县,,,,,,,,,,,,,,,,,,,,,,,,,,,,,,,
海南省,省,五指山市,省直辖县,,,,,,,,,,,,,,,,,,,,,,,,,,,,,,,
河北省,省,保定市,地级市,,,541.81,29067.0,32128.724,63637.352,10.456368800000002,1.164801891,2199.403,2121.891,50477.0,13.74,保定市,2015,1472.7279999999996,152.0,2,22185.0,2565.0,0.099139193,0.857467057,0.095645301,0.827247953,0.174802795,1.511890838,6.1501352570000005,136410.0,0.7288461159999999,96911.02383,19861.3,4329.15
河北省,省,沧州市,地级市,,,551.48,44819.0,24731.44819,105446.1473,7.388385151,1.045362676,958.4786145,958.4786145,54779.0,17.61,沧州市,2015,1646.963253,122.0,2,14035.0,183.0,0.068292028,5.237588057,0.068292028,5.237588057,0.068970431,5.289617486,9.312853452,133388.0,1.232215158,104627.3891,20004.9,4253.1
河北省,省,承德市,地级市,,,96.73,38505.0,20469.9375,71913.75,3.29274375,1.082528438,3312.5625,1896.9375,49071.0,12.31,承德市,2015,1755.375,62.0,2,39493.0,1253.0,0.083877206,2.643705108,0.048032246,1.5139166000000002,0.018585572,0.5857940939999999,1.167891722,46078.0,0.238816771,58391.89464,20048.5,4599.57
河北省,省,邯郸市,地级市,,,870.29,33450.0,39237.38095,77073.04762,7.570319047999999,1.114681429,1348.619048,1348.619048,46650.0,17.99,邯郸市,2015,1295.52381,122.0,2,12065.0,564.0,0.111779449,2.391168524,0.111779449,2.391168524,0.261997513,5.604609929,9.963603124,119902.0,1.147467161,80181.56281,19817.4,4052.75
河北省,省,衡水市,地级市,,,512.76,27543.0,12529.80738,30523.0623,4.334636066,1.021032556,1038.506557,970.7778689,47174.0,13.27,衡水市,2015,1828.67459,81.0,2,8815.0,603.0,0.117811294,1.722233097,0.110127949,1.609913547,0.08417470199999999,1.2305140959999998,4.572365445,40438.0,0.687305662,35768.07398,19925.1,4192.04
河北省,省,廊坊市,地级市,,,722.34,54460.0,12259.01215,12259.01215,8.449017004,1.016726308,1455.2064779999996,1455.2064779999996,64724.0,11.02,廊坊市,2015,2844.267206,129.0,2,6382.0,292.0,0.22801731100000006,4.983583828,0.22801731100000006,4.983583828,0.146819179,3.20890411,20.82148425,133549.0,2.286928047,88158.78928,19985.8,4362.22
河北省,省,秦皇岛市,地级市,,,379.39,40746.0,26566.392000000003,117967.8192,6.27162432,0.963691795,4270.1808,4302.7776,57451.0,15.21,秦皇岛市,2015,2835.9216,87.0,2,7802.0,2132.0,0.5473187389999999,2.002899062,0.551496744,2.018188368,0.273904127,1.002345216,6.731943032,52940.0,1.041476214,49787.77043,20198.7,4471.16
河北省,省,石家庄市,地级市,,,788.14,51043.0,41312.92813,71732.30423,5.607223676,0.965350738,2608.447426,2477.086765,54441.0,13.08,石家庄市,2015,1670.1569849999996,178.0,2,13056.0,2194.0,0.199789172,1.188900377,0.189727847,1.129027696,0.410998775,2.445761167,9.238318421,130094.0,1.292037459,107608.6318,19801.8,4227.54
河北省,省,唐山市,地级市,,,560.42,78398.0,38954.80951,94501.72033,3.413526033,0.970284493,3200.180656,2698.947541,55565.0,9.27,唐山市,2015,1709.333443,133.0,2,13472.0,4574.0,0.237543101,0.699645968,0.200337555,0.590062864,0.229958432,0.677306515,15.40610179,217642.0,2.293356111,196059.0139,20129.2,4422.85
河北省,省,邢台市,地级市,,,627.36,24256.0,30099.490910000004,64457.56364,4.816745455,1.075519309,1240.363636,1309.272727,46944.0,17.23,邢台市,2015,1584.909091,115.0,2,12433.0,425.0,0.099763825,2.918502674,0.10530626,3.080641711,0.122174857,3.574117647,5.891391794,73230.0,0.754651475,54839.01339,19838.9,4126.95
河北省,省,张家口市,地级市,,,127.46,30840.0,43470.79412,130525.7647,4.718973529,1.063549147,1950.176471,1950.176471,48892.0,15.07,张家口市,2015,1904.823529,84.0,2,36797.0,890.0,0.052998246,2.191209518,0.052998246,2.191209518,0.037367177,1.54494382,1.731599848,63664.0,0.327347121,74031.84295,19839.9,4532.98
河南省,省,安阳市,地级市,0.014657348,0.102761482,839.23,36828.0,13359.94468,26621.94255,7.412614467999999,1.209545138,1586.738298,1586.738298,41379.0,8.83,安阳市,2015,1900.168085,97.0,2,7352.0,534.0,0.215824034,2.971420033,0.215824034,2.971420033,0.13873775800000002,1.91011236,8.278697422,61014.0,1.040841155,43945.35441,19803.0,3977.06
河南省,省,鹤壁市,地级市,0.016166215,0.108038638,774.52,44778.0,22162.60431,42015.30339,8.727696009,1.053441648,3995.511764,3995.511764,39646.0,11.8,鹤壁市,2015,2684.484466,43.0,2,2182.0,679.0,1.831123631,5.8844061320000005,1.831123631,5.8844061320000005,0.34601283200000005,1.111929308,11.29901731,24146.0,1.285709445,15787.22628,19799.5,3959.86
河南省,省,济源市,省直辖县,,,,67796.88,,,,,,,,,济源市,2015,,,2,,,,,,,,,6.605916535,12505.0,0.84220771,9098.369894,19627.0,3886.54
河南省,省,焦作市,地级市,0.015714849,0.108041247,913.78,54590.0,19686.34197,39542.39378,11.54592642,1.051295917,3252.772021,3139.632124,42153.0,12.67,焦作市,2015,2460.792746,87.0,2,4071.0,578.0,0.7990105679999999,5.627633254,0.7712188959999999,5.431889488,0.306558585,2.15916955,12.65664284,51348.0,1.334030506,30829.445,19694.3,3889.16
河南省,省,开封市,地级市,0.013720092,0.084192609,859.71,35326.0,106636.2484,57838.09689,8.607695527999999,1.2152143999999998,2830.468323,2764.643478,43535.0,18.42,开封市,2015,1492.029814,68.0,2,6444.0,565.0,0.439240894,5.009678448,0.42902599,4.893174298,0.25,2.851327434,6.037262114,37751.0,0.924848136,32694.30645,19824.3,3836.43
河南省,省,洛阳市,地级市,0.016266742,0.112855256,477.82,51692.0,32713.43862,63579.67032000001,19.14987493,1.0851595790000002,3113.437464,3113.437464,46515.0,11.78,洛阳市,2015,1638.651297,110.0,2,15236.0,879.0,0.204347431,3.542022143,0.204347431,3.542022143,0.155487004,2.695108077,5.184314499999998,78729.0,0.7816136990000001,66981.94917,19594.9,3796.5
河南省,省,漯河市,地级市,0.013824312,0.080266102,995.54,37987.0,39944.04389,42086.63628,8.570369571,1.025536545,2525.198177,2486.937599,41389.0,7.31,漯河市,2015,2295.634706,60.0,2,2692.0,1116.0,0.938037956,2.262722381,0.92382526,2.228438708,0.365527489,0.88172043,8.296364985,22367.0,1.467715769,22121.41208,19769.0,3729.23
河南省,省,南阳市,地级市,0.010628067,0.06637801900000001,448.53,28653.0,5500.976655,18569.54007,13.31915237,1.186553676,1487.55993,1407.690941,43082.0,11.63,南阳市,2015,1018.329617,102.0,2,26509.0,2135.0,0.056115279,0.696749382,0.053102378,0.6593400189999999,0.082575729,1.02529274,2.404551106,63824.0,0.440853431,65036.9024,19620.1,3658.4
河南省,省,平顶山市,地级市,0.013837251,0.089754725,713.02,33984.0,15799.57895,49266.86316,23.13694316,1.117477389,1450.778947,1450.778947,45046.0,11.14,平顶山市,2015,1669.389474,84.0,2,7882.0,443.0,0.184062287,3.274896044,0.184062287,3.274896044,0.156051764,2.776523702,7.5682423010000015,59721.0,1.002193651,44424.23795,19686.3,3742.79
河南省,省,濮阳市,地级市,0.015102173,0.124445905,1024.36,36842.0,12631.54286,48337.81203,11.89470286,1.188389956,1551.242105,2382.264662,43587.0,10.23,濮阳市,2015,1939.052632,70.0,2,4188.0,263.0,0.370401649,5.898258955,0.568831104,9.058040539,0.172636103,2.74904943,10.64968302,45357.0,1.345095083,32843.18665,19887.1,3972.78
河南省,省,三门峡市,地级市,0.011904598,0.102951051,217.23,55681.0,11670.7376,26726.88,14.3879704,1.01682415,1469.9784,1336.344,44573.0,11.4,三门峡市,2015,2227.24,50.0,2,10496.0,185.0,0.140051296,7.945829188999999,0.12731936,7.223481081,0.031821646,1.805405405,2.993456815,29737.0,0.488582287,27375.26555,19509.6,3803.63
河南省,省,商丘市,地级市,0.014956284,0.085650436,897.8,24940.0,18339.85635,39283.94475,15.37599227,1.324286442,868.0773481000001,868.0773481000001,43845.0,5.19,商丘市,2015,1212.552486,88.0,2,10704.0,1697.0,0.081098407,0.511536446,0.081098407,0.511536446,0.08819133,0.556275781,5.4501727839999985,58355.0,0.86431859,52203.9785,19932.9,3805.76
河南省,省,新乡市,地级市,,0.114766014,735.06,34340.0,18765.59596,30142.88889,10.35056162,1.1055398790000002,1994.494949,1855.747475,40873.0,10.55,新乡市,2015,1734.343434,100.0,2,8666.0,431.0,0.230151737,4.6275984910000005,0.214141181,4.305678596,0.128086776,2.575406032,9.812575574,81150.0,1.113194356,52529.41527,19781.3,3908.24
河南省,省,信阳市,地级市,0.010852029,0.060221925,477.99,30157.0,5903.07234,30558.02394,15.47310755,1.440413815,1427.645213,1219.112766,84289.0,5.81,信阳市,2015,1187.030851,74.0,2,18787.0,3604.0,0.07599112200000001,0.3961279720000001,0.064891295,0.33826658299999995,0.047426412,0.247225305,1.570696396,29727.0,0.362409913,37704.76489,19866.9,3557.54
河南省,省,许昌市,地级市,0.015400659,0.102067187,1010.61,50162.0,19879.87097,32270.11613,6.474827742,1.166832845,2080.451613,1733.709677,43792.0,15.13,许昌市,2015,1941.754839,84.0,2,4997.0,97.0,0.416340127,21.44795477,0.34695010600000004,17.87329564,0.125675405,6.474226804,9.989769308,49799.0,1.159337657,32556.5201,19750.2,3775.01
河南省,省,郑州市,地级市,0.041990022,0.252218755,1087.83,77179.0,65681.33502,111999.293,14.69040501,0.855715564,4624.405198,4149.295075,52987.0,13.73,郑州市,2015,2185.506566,207.0,2,7446.0,1010.0,0.621058984,4.578619008,0.557251555,4.108212946,0.633897395,4.673267327,22.11898431,166379.0,3.530430022,150198.6148,19726.7,3835.85
河南省,省,周口市,地级市,0.009813174,0.065310014,1040.05,23728.0,5971.735885,10535.68612,8.540944689,1.412724249,772.0114833,567.6555024,42666.0,13.66,周口市,2015,919.6019139,81.0,2,11961.0,333.0,0.064544058,2.318352803,0.047458867,1.704671178,0.068472536,2.459459459,4.059029807,48615.0,0.659195171,44214.19771,19859.6,3739.52
河南省,省,驻马店市,地级市,0.011148131,0.058066769,617.25,27001.0,9577.150276,23092.56796,27.39333497,1.388656955,1118.825967,1059.155249,37680.0,13.26,驻马店市,2015,895.0607735,60.0,2,15083.0,1365.0,0.074177946,0.8196527229999999,0.070221789,0.775937911,0.074123185,0.819047619,3.316808059,50044.0,0.615120939,51529.91131,19794.8,3648.67
黑龙江省,省,大庆市,地级市,,,129.6,110113.0,51952.64362,234710.6631,4.35278906,1.017917089,9052.91443,11824.21477,66839.0,26.77,大庆市,2015,2845.201678,77.0,2,21219.0,5107.0,0.426641898,1.7726482140000002,0.55724656,2.315295627,0.171402988,0.712159781,5.799367716,122906.0,1.07853311,153909.9104,20554.3,5226.14
黑龙江省,省,大兴安岭地区,地区,,,,27816.0,,,,,,,,,大兴安岭地区,2015,,,2,,,,,,,,,0.042957406,2840.0,0.148750668,74630.73895,20400.6,5877.74
黑龙江省,省,哈尔滨市,地级市,,,180.98,59027.0,71068.508,169658.9963,8.536844035,0.986900643,4393.661913,4393.661913,58405.0,8.96,哈尔滨市,2015,1396.1168699999996,136.0,2,53100.0,10198.0,0.082743162,0.430835646,0.082743162,0.430835646,0.092561205,0.481957247,2.8980726110000004,153821.0,0.577742291,203806.6817,20821.5,5197.49
黑龙江省,省,鹤岗市,地级市,,,72.21,24981.0,37813.8565,190292.1186,6.50925092,0.99341328,4985.408941,4985.408941,41066.0,7.05,鹤岗市,2015,1599.093434,17.0,2,14679.0,4551.0,0.339628649,1.095453514,0.339628649,1.095453514,0.031132911,0.100417491,1.012851023,14896.0,0.188629275,19140.40112,20985.1,5471.73
黑龙江省,省,黑河市,地级市,,,24.58,26575.0,5637.523302000001,56790.62947000001,3.886923961,0.996951489,1127.50466,1661.585815,,8.95,黑河市,2015,1186.8470109999996,20.0,2,68340.0,14444.0,0.016498459,0.078060417,0.024313518,0.115036404,0.0026192570000000003,0.012392688999999998,0.312221458,20877.0,0.151449615,72080.0212,20662.4,5582.32
黑龙江省,省,鸡西市,地级市,,,80.78,28222.0,39205.84324,159784.3737,20.3102718,0.996321918,4441.501123,4331.834428,39891.0,7.85,鸡西市,2015,1041.833597,19.0,2,22531.0,2300.0,0.197128451,1.931087445,0.192261082,1.883406273,0.029026674,0.284347826,1.007817705,22689.0,0.221491925,33127.43979,21157.9,5280.44
黑龙江省,省,佳木斯市,地级市,,,72.77,35069.0,19781.7501,110769.1433,9.82161728,1.02826143,4198.752209,3592.746735,46978.0,7.5,佳木斯市,2015,1298.583157,30.0,2,32704.0,1875.0,0.128386503,2.239334511,0.109856493,1.916131592,0.017795988000000002,0.3104,1.59877131,52048.0,0.311579242,69411.75396,21099.0,5456.08
黑龙江省,省,牡丹江市,地级市,,,67.48,47356.0,27401.41069,105520.7359,10.53038382,0.94712,2964.268702,2964.268702,47412.0,11.11,牡丹江市,2015,1445.984733,40.0,2,38827.0,2360.0,0.076345551,1.25604606,0.076345551,1.25604606,0.025265923,0.415677966,0.85691103,33267.0,0.238771787,60518.61954,21000.2,5116.46
黑龙江省,省,七台河市,地级市,,,133.42,24823.0,36770.23205,116730.8954,8.217855035,0.970150472,7937.700886,7937.700886,41301.0,9.75,七台河市,2015,1167.308954,10.0,2,6221.0,3646.0,1.275952562,2.1770984330000003,1.275952562,2.1770984330000003,0.07828323400000001,0.133571037,3.13568298,17171.0,0.405171565,14829.27927,21046.2,5279.78
黑龙江省,省,齐齐哈尔市,地级市,,,129.27,24430.0,23852.91339,65403.14961,7.919551969,1.056818717,2693.070866,2693.070866,47011.0,8.46,齐齐哈尔市,2015,865.6299213,45.0,2,42469.0,4365.0,0.063412627,0.616969271,0.063412627,0.616969271,0.027219854,0.264833906,1.3879081869999998,58653.0,0.306264796,89319.06497,20515.1,5374.57
黑龙江省,省,双鸭山市,地级市,,,64.99,29237.0,22804.81439,241407.1772,10.8019254,0.994708221,3913.252173,3845.782308,42176.0,21.91,双鸭山市,2015,1146.987706,17.0,2,22619.0,1760.0,0.173007302,2.223438735,0.170024418,2.185103584,0.018833724,0.242045455,1.060364017,24294.0,0.218932696,33971.56758,21148.9,5407.64
黑龙江省,省,绥化市,地级市,,,157.43,23095.0,2673.200787,46426.40551,7.910492126,0.997449409,636.4763780000002,490.996063,35229.0,3.04,绥化市,2015,563.7362205000002,31.0,2,34873.0,2756.0,0.018251265,0.230942082,0.014079548,0.17815532,0.007283571999999999,0.092162554,1.6958105119999998,59138.0,0.294665779,69905.33067000001,20690.6,5315.49
黑龙江省,省,伊春市,地级市,,,36.89,20414.0,31665.98575,430410.6583,7.994633287,0.996779432,14064.632630000002,13242.1395,35656.0,11.94,伊春市,2015,1644.986273,20.0,2,32800.0,19608.0,0.428799775,0.717290526,0.403723765,0.675343712,0.027987805,0.046817625,0.364433618,11968.0,0.123859387,28133.29737,20860.9,5459.54
湖北省,省,鄂州市,地级市,,,690.09,68921.0,35876.19348,49093.73844,20.04346283,1.04125931,6042.30627,3021.153135,37215.0,4.62,鄂州市,2015,2171.453816,23.0,2,1594.0,1594.0,3.79065638,3.79065638,1.89532819,1.89532819,0.319322459,0.319322459,13.37240076,21222.0,1.391274604,11932.96228,19861.2,3362.55
湖北省,省,恩施土家族苗族自治州,自治州,,,,,,,,,,,,,恩施土家族苗族自治州,2015,,,2,,,,,,,,,0.50342793,12116.0,0.17243425,22397.31231,19360.1,3342.15
湖北省,省,黄冈市,地级市,,,426.19,25262.0,3940.236478,9421.613836,16.20581132,1.182738242,746.7383647999999,826.1786164,39165.0,28.0,黄冈市,2015,826.1786164,52.0,2,17457.0,362.0,0.04277587,2.062813162,0.047326495,2.282261371,0.055851521,2.693370166,2.084528865,36325.0,0.368692648,34868.73846,19916.1,3407.34
湖北省,省,黄石市,地级市,,,584.77,50053.0,51558.65935,77399.02927,13.85613537,1.090463611,3581.027642,3296.173171,41655.0,19.26,黄石市,2015,1668.433333,41.0,2,4583.0,237.0,0.7813719490000001,15.10982128,0.7192173620000001,13.90790367,0.35566223,6.877637131,6.424846626,29323.0,0.837979085,20595.011980000007,19888.8,3318.89
湖北省,省,荆门市,地级市,,,241.05,48000.0,19234.53237,27625.89928,14.21352518,1.032828777,2002.877698,2002.877698,39516.0,15.26,荆门市,2015,1346.76259,39.0,2,12404.0,2391.0,0.161470308,0.83767365,0.161470308,0.83767365,0.073605289,0.381848599,1.482828446,18307.0,0.354851058,23849.18472,19653.5,3439.89
湖北省,省,荆州市,地级市,,,451.45,27875.0,15848.42767,34852.51572,12.43856132,1.12760511,1437.578616,1437.578616,39565.0,10.36,荆州市,2015,1174.606918,67.0,2,14243.0,1576.0,0.100932291,0.912169173,0.100932291,0.912169173,0.071192867,0.643401015,2.265781439,31909.0,0.44043371,33409.97997,19651.6,3320.91
湖北省,省,潜江市,省直辖县,,,,,,,,,,,,,潜江市,2015,,,2,,,,,,,,,4.71971972,9430.0,0.6300576520000001,6805.252703,19668.9,3359.0
湖北省,省,神农架林区,省直辖县,,,,,,,,,,,,,神农架林区,2015,,,2,,,,,,,,,0.048397041,157.0,0.117346935,2080.209111,19450.2,3496.68
湖北省,省,十堰市,地级市,,,146.03,38431.0,38578.81154,26901.7,9.504281922999999,1.022678472,3104.042308,3104.042308,42676.0,7.79,十堰市,2015,1773.738462,60.0,2,23694.0,5053.0,0.131005415,0.614296914,0.131005415,0.614296914,0.038786191,0.181872155,0.8750791040000001,20742.0,0.218407659,28598.51721,19447.4,3592.51
湖北省,省,随州市,地级市,,,260.48,35900.0,15452.46161,25007.38609,14.98157298,1.147368133,2240.149759,3337.365968,39056.0,9.38,随州市,2015,1188.650893,26.0,2,9636.0,1322.0,0.232477144,1.6945157030000002,0.3463435,2.524482578,0.051162308,0.372919818,1.211600541,11635.0,0.291011397,15353.47029,19729.6,3525.42
湖北省,省,天门市,省直辖县,,,,,,,,,,,,,天门市,2015,,,2,,,,,,,,,2.574045802,6744.0,0.489072618,6929.66993,19702.4,3393.55
湖北省,省,武汉市,地级市,,,967.44,104132.0,79302.72771,159990.6976,10.87271828,0.792234345,4346.794495,4834.017615,65720.0,,武汉市,2015,2034.873028,213.0,2,8569.0,1738.0,0.507269751,2.501032506,0.564128558,2.781368018,,,18.67703238,160361.0,3.747623237,174122.0708,19820.6,3393.99
湖北省,省,仙桃市,省直辖县,,,,,,,,,,,,,仙桃市,2015,,,2,,,,,,,,,2.56039604,6465.0,0.445291686,6061.310423,19728.6,3354.65
湖北省,省,咸宁市,地级市,,,307.66,41234.0,13210.8932,26261.65437,23.32723476,1.202631645,2642.178641,2041.683495,36853.0,9.01,咸宁市,2015,1281.056311,32.0,2,9751.0,1503.0,0.27096489,1.757936554,0.20938196,1.358405519,0.056814686,0.368596141,1.970545977,19201.0,0.378513012,19773.89826,19807.6,3282.64
湖北省,省,襄阳市,地级市,,,300.08,60319.0,24323.90444,38761.20355,18.3098503,1.055725267,3355.021302,2908.874852,48022.0,7.59,襄阳市,2015,606.7591716,34.0,2,19728.0,3671.0,0.170063935,0.913925716,0.14744905,0.792393041,0.086425385,0.464451103,1.889041096,37233.0,0.364695311,39503.06673,19588.5,3534.71
湖北省,省,孝感市,地级市,,,590.35,29924.0,9920.010959,18446.30137,14.22824712,1.079067638,1516.69589,778.8438356,39315.0,11.92,孝感市,2015,1250.249315,61.0,2,8910.0,1020.0,0.170224006,1.486956755,0.087412327,0.7635723879999999,0.130190797,1.137254902,3.88465858,34589.0,0.576164601,27966.45355,19774.6,3447.56
湖北省,省,宜昌市,地级市,,,187.47,82360.0,28338.66272,45249.26627,24.82252426,0.970239787,4020.532544,3849.964497,43282.0,15.62,宜昌市,2015,1803.147929,74.0,2,21230.0,4234.0,0.189379771,0.949582557,0.181345478,0.909297236,0.094394724,0.47331129,2.160620053,45857.0,0.384046872,44224.53353,19512.9,3402.9
湖南省,省,常德市,地级市,,0.152652352,322.05,46408.0,13271.66052,19624.93284,15.68967144,1.043203891,1541.225092,1541.225092,48655.0,11.32,常德市,2015,907.6103321,53.0,2,18910.0,2510.0,0.081503178,0.614033901,0.081503178,0.614033901,0.08424114199999999,0.634661355,1.711448534,31109.0,0.33198478600000003,32292.4921,19550.6,3242.5
湖南省,省,郴州市,地级市,,0.15287864199999998,268.65,42682.0,38307.62587,34973.75821,18.51889164,1.121772146,1635.081592,1550.142289,49086.0,11.84,郴州市,2015,1210.385075,57.0,2,19654.0,2246.0,0.083193324,0.7279971470000001,0.078871593,0.690179113,0.046301007000000005,0.4051647370000001,1.895357864,36624.0,0.371775143,37271.57338,19714.2,2857.98
湖南省,省,衡阳市,地级市,,0.101097409,522.12,35538.0,18384.08077,19135.84615,23.17487654,1.092479125,2173.285385,1544.536154,44983.0,22.49,衡阳市,2015,1120.813846,82.0,2,15303.0,697.0,0.14201695,3.1180565060000003,0.100930285,2.215977265,0.147487421,3.238163558,2.056506402,31481.0,0.387125076,30961.10219,19656.6,2965.76
湖南省,省,怀化市,地级市,,0.158890898,186.63,26060.0,7202.409449,16415.748030000002,24.04291496,1.0629812440000002,1313.259843,1456.897638,49006.0,12.31,怀化市,2015,984.9448819,48.0,2,27756.0,666.0,0.047314449,1.971861625,0.052489467000000005,2.187533991,0.016897247,0.7042042040000001,0.74889244,20623.0,0.205829146,29834.11144,19408.2,3048.26
湖南省,省,娄底市,地级市,,0.211223749,551.79,33444.0,14699.80465,45577.17209,17.76939349,1.1606882790000002,1218.502326,1218.502326,43986.0,10.06,娄底市,2015,1374.055814,53.0,2,8119.0,428.0,0.150080346,2.84696805,0.150080346,2.84696805,0.060721764,1.151869159,2.66724223,21626.0,0.45455513,19431.77727,19560.5,3069.69
湖南省,省,邵阳市,地级市,,0.109486463,394.14,19156.0,5746.8,15159.42446,21.7537741,1.131954224,895.7841727,826.8776978,47249.0,16.84,邵阳市,2015,771.752518,56.0,2,20830.0,436.0,0.043004521,2.054550855,0.039696481,1.896508481,0.05664906400000001,2.706422018,1.159642462,24131.0,0.257670032,28064.90458,19487.3,2978.0
湖南省,省,湘潭市,地级市,,0.192833196,577.08,60430.0,36471.28235,49765.88235,10.80986059,1.028340865,2843.764706,2843.764706,51472.0,17.21,湘潭市,2015,2168.370588,61.0,2,5008.0,658.0,0.56784439,4.32183086,0.56784439,4.32183086,0.299321086,2.278115502,6.037717023,30255.0,0.959502898,25381.73016,19658.1,3069.73
湖南省,省,湘西土家族苗族自治州,自治州,,,,18931.0,,,,,,,,,湘西土家族苗族自治州,2015,,,2,,,,,,,,,0.674631878,10446.0,0.190210998,15666.15824,19375.6,3175.94
湖南省,省,益阳市,地级市,,0.150510826,390.42,30776.0,17599.31259,19765.03111,24.37003259,1.096127135,1709.777778,1572.995556,48796.0,6.04,益阳市,2015,980.2725926,43.0,2,12320.0,1851.0,0.138780664,0.923704904,0.127678211,0.8498085120000001,0.066801948,0.4446245270000001,0.995453438,12261.0,0.248656655,16283.77834,19592.8,3162.56
湖南省,省,永州市,地级市,,0.12635439999999998,285.27,26222.0,11338.24507,12926.33803,16.76915366,1.173120575,1144.904225,1144.904225,44553.0,6.23,永州市,2015,941.7760563,51.0,2,22260.0,3181.0,0.051433254000000005,0.359919593,0.051433254000000005,0.359919593,0.032569632,0.22791575,0.921393659,20548.0,0.243859423,28191.612510000006,19573.2,2851.69
湖南省,省,岳阳市,地级市,,0.14193016,379.59,51429.0,24255.26886,52692.48062,19.54835865,1.004360322,1726.163668,1654.981661,45757.0,10.98,岳阳市,2015,1210.094118,68.0,2,14858.0,1413.0,0.11617739,1.221630338,0.11138657,1.171253829,0.080428052,0.84571833,2.437802582,36255.0,0.444226522,35238.26883,19719.6,3218.66
湖南省,省,张家界市,地级市,,0.19478912,178.65,29425.0,24581.05912,71705.70989,42.06384448,1.117123695,2234.641738,2234.641738,46340.0,7.55,张家界市,2015,985.871355,15.0,2,9516.0,2735.0,0.234829943,0.817053652,0.234829943,0.817053652,0.041614124,0.144789762,0.7528880490000001,7169.0,0.204994333,10454.71101,19454.1,3252.88
湖南省,省,长沙市,地级市,,0.285967776,575.49,115443.0,82777.10764,106028.4945,11.67452947,0.922947115,4937.86745,4490.203643,67266.0,14.43,长沙市,2015,2346.843596,173.0,2,11816.0,1909.0,0.417896704,2.58662517,0.380010464,2.352123438,0.388964116,2.407543216,8.762601488,103609.0,1.6661518380000002,104296.1066,19711.3,3125.61
湖南省,省,株洲市,地级市,,0.193598347,357.52,58661.0,36650.5906,70092.37436,40.38584231,1.010072227,3459.494872,3133.600427,57584.0,22.03,株洲市,2015,2030.573077,81.0,2,11272.0,863.0,0.306910475,4.008684672,0.27799861800000003,3.631054956,0.188431512,2.461181924,2.444769244,27599.0,0.465071274,27493.15346,19749.8,3003.07
吉林省,省,白城市,地级市,,0.106509818,76.48,35571.0,11896.27805,92272.4131,8.037613505,0.999846583,2186.068189,2186.068189,39493.0,6.56,白城市,2015,1220.131082,24.0,2,25759.0,2578.0,0.08486619,0.847970593,0.08486619,0.847970593,0.012655771,0.126454616,0.97005082,25005.0,0.25145067,42835.37592,20441.1,5093.88
吉林省,省,白山市,地级市,,0.074932215,71.41,53136.0,26863.97664,111429.8676,14.719551699999998,0.996430992,3735.52338,3338.127275,44532.0,7.51,白山市,2015,1112.709092,14.0,2,17505.0,2736.0,0.213397508,1.3653228730000002,0.190695646,1.220075759,0.024335904,0.155701754,0.832539455,14507.0,0.197152389,21521.74623,20849.7,4789.62
吉林省,省,吉林市,地级市,,0.107655127,153.73,56076.0,30501.58996,123390.6628,9.610347113,1.000076746,6076.85523,5889.1531380000015,49234.0,8.77,吉林市,2015,2111.648536,90.0,2,27711.0,3774.0,0.219293971,1.610189515,0.212520412,1.560453932,0.05755837,0.422628511,2.2086416630000003,61186.0,0.451099494,80263.23085,20780.4,4950.43
吉林省,省,辽源市,地级市,,0.084378831,235.41,59855.0,32537.0362,98929.0645,8.286647701,0.995056702,3789.123203,3789.123203,43872.0,11.39,辽源市,2015,906.094679,11.0,2,5140.0,432.0,0.737183503,8.771118526,0.737183503,8.771118526,0.103307393,1.229166667,3.280872614,16844.0,0.59137953,19252.36059,20670.9,4842.06
吉林省,省,四平市,地级市,,0.096628481,226.67,37714.0,10333.02276,93886.39675,10.89719967,1.000831442,1778.3837399999998,1839.707317,45948.0,11.61,四平市,2015,1103.82439,36.0,2,14382.0,1076.0,0.123653438,1.6527729919999998,0.127917349,1.709765165,0.047142261,0.630111524,2.74338185,28084.0,0.526973279,34584.20235,20583.6,4904.39
吉林省,省,松原市,地级市,,0.119090955,131.82,58841.0,19589.74756,78107.83963,10.83535488,0.997677858,1793.932927,1793.932927,48170.0,16.31,松原市,2015,1255.753049,35.0,2,21089.0,1250.0,0.085064864,1.435146341,0.085064864,1.435146341,0.044003983,0.7424,1.810283772,38340.0,0.372547639,51700.6712,20566.0,5052.08
吉林省,省,通化市,地级市,,0.075806424,141.56,45171.0,17978.058,67892.01299999999,12.0742083,0.99873081,2394.063,2394.063,44405.0,9.4,通化市,2015,1355.13,30.0,2,15612.0,746.0,0.153347617,3.209199732,0.153347617,3.209199732,0.026518063,0.5549597860000001,1.545770568,24012.0,0.29382671,28562.3068,20740.8,4755.87
吉林省,省,延边朝鲜族自治州,自治州,,,,40118.0,,,,,,,,,延边朝鲜族自治州,2015,,,2,,,,,,,,,0.850892795,36836.0,0.224704118,61987.55223,20976.1,4940.92
吉林省,省,长春市,地级市,,0.168533557,366.13,73324.0,64334.1859,204206.677,11.39505345,0.99952678,6709.212297,6245.136347,62519.0,17.55,长春市,2015,1750.229295,132.0,2,20594.0,4789.0,0.32578480600000004,1.400963102,0.303250284,1.30405854,0.371710207,1.5984547919999998,6.045476595,149553.0,1.242112795,199438.5989,20664.0,5009.78
江苏省,省,常州市,地级市,,,848.58,112221.0,60859.13055,70718.39487999999,12.46994641,0.78969939,5323.57685,5323.57685,70850.0,15.22,常州市,2015,2725.671347,128.0,2,4372.0,2838.0,1.217652527,1.875819891,1.217652527,1.875819891,1.013723696,1.561663143,27.00435081,117928.0,4.425050109,105763.1227,20320.8,3532.86
江苏省,省,淮安市,地级市,,,562.31,56460.0,17820.82909,28188.93818,14.98140436,1.158867164,3182.290909,3982.996364,55232.0,10.14,淮安市,2015,1498.756364,73.0,2,10030.0,3203.0,0.317277259,0.993534471,0.397108311,1.243520563,0.296809571,0.929441149,6.7691695670000005,68064.0,1.186513698,66584.77572,20242.2,3720.15
江苏省,省,连云港市,地级市,,,697.31,48416.0,24297.65926,40660.47407,10.53496296,1.189240415,4617.451852,5200.237037,56154.0,10.82,连云港市,2015,1972.503704,88.0,2,7615.0,3012.0,0.606362686,1.533018543,0.682893898,1.72650632,0.31359159600000003,0.792828685,11.50396301,87085.0,1.5705504819999998,67315.36421,20248.2,3853.32
江苏省,省,南京市,地级市,,,991.35,118171.0,102062.2989,173110.789,11.14357393,0.7943717220000001,9178.920267,8935.770062,81075.0,21.81,南京市,2015,2066.776749,170.0,2,6587.0,6587.0,1.393490249,1.393490249,1.3565766,1.3565766,2.1630484290000003,2.1630484290000003,26.66474602,175854.0,4.886592482,176826.2356,20242.8,3560.66
江苏省,省,南通市,地级市,,,727.08,84236.0,22805.3561,20107.06472,12.13409307,1.050238012,2807.866667,3246.167805,66535.0,22.91,南通市,2015,1657.326179,121.0,2,10549.0,2140.0,0.266173729,1.312087227,0.307722799,1.5169008430000002,0.462792682,2.281308411,19.03924153,187765.0,2.79564641,151839.9435,20449.6,3606.72
江苏省,省,苏州市,地级市,,,770.47,136702.0,47204.61476,53153.50869,32.15796703,0.628838628,4317.897655,4289.6144829999985,72291.0,25.01,苏州市,2015,1951.538897,207.0,2,8657.0,4653.0,0.498775286,0.927981443,0.495508199,0.921902962,0.985791845,1.834085536,42.51605797,366701.0,9.206881302000001,433957.1433,20420.4,3514.08
江苏省,省,宿迁市,地级市,,,687.47,43853.0,19908.85023,15770.60939,12.28501648,1.207048678,1750.002347,1729.414085,52161.0,11.16,宿迁市,2015,1667.649296,81.0,2,8524.0,2153.0,0.20530295,0.812820412,0.202887621,0.803257819,0.227827311,0.901997213,7.201197324,61347.0,1.074878283,51396.38,20197.2,3765.18
江苏省,省,泰州市,地级市,,,877.83,79479.0,19557.43415,25265.27561,16.97705902,1.093859354,2261.597561,3295.470732,57874.0,14.8,泰州市,2015,2024.668293,94.0,2,5787.0,1567.0,0.39080656,1.443265833,0.569460987,2.1030445,0.418351477,1.5449904280000002,18.6603904,108025.0,2.400925935,76923.26604,20352.0,3641.43
江苏省,省,无锡市,地级市,,,1039.55,130938.0,46750.39859,62087.97183,9.600583169,0.739062021,5056.173944,4410.70493,76019.0,26.5,无锡市,2015,2151.56338,140.0,2,4627.0,1644.0,1.092754256,3.0755315960000003,0.953253713,2.682910541,1.423384482,4.006082725,37.74311339,176751.0,6.50746916,166682.3151,20363.6,3525.03
江苏省,省,徐州市,地级市,,,874.63,61511.0,27032.46579,49937.21974,15.43209242,1.18940537,2948.365602,2763.370113,54310.0,13.48,徐州市,2015,1456.839474,126.0,2,11765.0,3063.0,0.25060481100000004,0.96257447,0.234880588,0.90217764,0.3811304720000001,1.463924257,11.66343304,129849.0,1.67468203,105185.1036,20100.4,3822.42
江苏省,省,盐城市,地级市,,,489.04,58299.0,14332.41449,20079.22803,11.58225264,1.146634702,1966.379572,1938.684086,53445.0,11.96,盐城市,2015,1412.469834,102.0,2,16931.0,5131.0,0.116140782,0.383235153,0.114504996,0.377837475,0.17098812800000002,0.564217501,7.015910651,112444.0,1.159044093,103747.1958,20356.0,3747.6
江苏省,省,扬州市,地级市,,,699.44,89647.0,38847.03333,54880.91219,9.245683134,1.028309071,3122.034826,3099.734577,63891.0,10.49,扬州市,2015,2519.928109,113.0,2,6591.0,2306.0,0.473681509,1.353874599,0.47029807,1.344204066,0.369291458,1.055507372,15.04595952,98867.0,2.218478493,80832.48236000001,20295.5,3655.45
江苏省,省,镇江市,地级市,,,708.33,110351.0,42532.42829,49437.248,12.16698597,0.856544462,4350.982286,4350.982286,63367.0,21.16,镇江市,2015,2806.068286,89.0,2,3840.0,1088.0,1.133068304,3.999064601,1.133068304,3.999064601,0.568489583,2.006433824,27.12023001,103762.0,3.554407013,74859.36611,20299.9,3575.02
江西省,省,抚州市,地级市,,0.056058682,212.25,27735.0,7995.675676000002,10219.47297,11.63370811,0.997660432,1474.202703,1474.202703,49522.0,9.74,抚州市,2015,1099.405405,44.0,2,18799.0,2125.0,0.078419209,0.693742448,0.078419209,0.693742448,0.061279855,0.542117647,1.123737105,21133.0,0.23972095,23709.60058,20037.4,3055.85
江西省,省,赣州市,地级市,,0.06588003099999999,244.14,23148.0,8166.426395999999,12784.27614,9.933664569,1.128764631,1656.785787,1515.782741,50313.0,11.23,赣州市,2015,1045.7725890000004,89.0,2,39363.0,2334.0,0.042089927,0.709848238,0.038507805,0.649435622,0.044076925,0.74335904,1.212826507,47732.0,0.25948481,52912.84508,19928.9,2851.41
江西省,省,吉安市,地级市,,0.054325174,208.88,27168.0,5413.172932,8272.962406,9.745753985,1.083369961,1123.488722,1041.780451,48312.0,14.34,吉安市,2015,980.4992481,48.0,2,25373.0,1382.0,0.044278908,0.812944082,0.041058623,0.7538208759999999,0.032869586,0.6034732270000001,0.922106179,23309.0,0.222548017,29456.45554,19879.8,2990.39
江西省,省,景德镇市,地级市,,0.095672774,317.43,47216.0,31434.29159,48191.09295,11.62579539,1.019657478,4831.340537,3730.528769,45814.0,17.58,景德镇市,2015,1528.905233,25.0,2,5261.0,430.0,0.918331218,11.23567567,0.709091193,8.6756483,0.153582969,1.879069767,2.375737955,12475.0,0.394118863,11065.6753,20109.8,3259.61
江西省,省,九江市,地级市,,0.077987236,261.14,39505.0,11518.82632,31541.62368,20.50725342,1.074099366,2203.963158,2162.378947,51065.0,23.09,九江市,2015,1393.071053,67.0,2,19798.0,699.0,0.111322515,3.1530231160000004,0.10922209,3.093532114,0.078088696,2.211731044,2.185047414,41706.0,0.379220927,38751.44889,19932.5,3253.39
江西省,省,南昌市,地级市,,0.140113609,702.51,75879.0,62695.02375,103442.0468,7.42476015,0.987147851,5823.71325,5083.893,57730.0,10.51,南昌市,2015,2826.49275,149.0,2,7402.0,3095.0,0.786775635,1.8816521,0.686826939,1.642614863,0.426641448,1.020355412,8.102332685,58353.0,1.360769059,52049.4165,19991.0,3180.76
江西省,省,萍乡市,地级市,,0.075393782,516.84,48133.0,21313.02821,40621.36565,33.55746843,1.046343073,2690.506036,3745.606443,48100.0,8.23,萍乡市,2015,1529.895589,29.0,2,3831.0,1070.0,0.7022986259999999,2.514491623,0.977709852,3.500566769,0.189767685,0.679439252,2.693979058,10291.0,0.40640211,8170.308014,19786.9,3047.75
江西省,省,上饶市,地级市,,0.053527658,339.61,24633.0,4314.507272999998,9181.390909,12.25230491,1.1561088,1149.54,1104.752727,50414.0,10.34,上饶市,2015,1000.249091,67.0,2,22791.0,370.0,0.050438331,3.106864865,0.048473201,2.985818182,0.06287569700000001,3.872972973,1.282373626,29174.0,0.258065099,31255.03836,20133.0,3201.26
江西省,省,新余市,地级市,,0.106942938,390.18,81354.0,36776.13476,45626.46626,10.76647123,1.061352375,6530.341687,6014.788396,51639.0,12.66,新余市,2015,2491.840907,29.0,2,3178.0,1789.0,2.054858932,3.650274839,1.892633227,3.3620952460000004,0.356513531,0.633314701,3.473833544,11019.0,0.539352687,9003.953754,19879.6,3087.27
江西省,省,宜春市,地级市,,0.075071346,319.78,29457.0,6055.05,9164.4,7.616998333,1.085526817,1236.466667,1236.466667,45330.0,7.35,宜春市,2015,1236.466667,68.0,2,18669.0,2539.0,0.06623100700000001,0.486989628,0.06623100700000001,0.486989628,0.044619423,0.328081922,1.769160682,33009.0,0.323125031,31952.86494,19889.8,3138.8
江西省,省,鹰潭市,地级市,,0.083037148,356.74,55568.0,12517.24568,23556.76097,17.10690243,1.106211587,2955.460786,4259.340545,57623.0,15.8,鹰潭市,2015,1738.506345,20.0,2,3560.0,136.0,0.830185614,21.73132931,1.196443973,31.31868048,0.105337079,2.757352941,3.0857142860000004,10908.0,0.437788337,8219.476036,20100.1,3138.47
辽宁省,省,鞍山市,地级市,,0.117866776,373.85,64710.0,49500.38462,148639.4231,16.39596538,0.956961346,4728.807692,4728.807692,43652.0,11.36,鞍山市,2015,2295.269231,83.0,2,9255.0,792.0,0.510946266,5.970716782999999,0.510946266,5.970716782999999,0.184224743,2.152777778,6.365432365,58963.0,1.013346557,57620.91191,20199.6,3525.44
辽宁省,省,本溪市,地级市,,0.098941068,179.53,67656.0,41701.75862,160041.4345,12.65050552,0.88191929,6357.331034000002,5365.82069,43822.0,11.26,本溪市,2015,1983.02069,34.0,2,8411.0,1518.0,0.7558353390000001,4.187965108,0.6379527629999999,3.534796238,0.123885388,0.686429513,3.923525214,32989.0,0.6368215420000001,33187.95467,20639.1,4655.98
辽宁省,省,朝阳市,地级市,,0.096628032,173.11,28852.0,9755.361002,66532.23715,10.32583021,1.150727531,2531.66808,1924.067741,43950.0,6.91,朝阳市,2015,1248.9562529999996,37.0,2,19698.0,1138.0,0.12852411800000002,2.224664394,0.09767833,1.690744939,0.021423495,0.370826011,1.796302879,35371.0,0.347854494,42575.9987,20252.8,4636.65
辽宁省,省,大连市,地级市,,0.178974655,472.4,110682.0,75945.32057000001,160982.8882,11.0682,0.849888848,5670.125744,5483.985252,69390.0,14.93,大连市,2015,1947.315912,136.0,2,12574.0,2567.0,0.450940492,2.208853036,0.43613689,2.1363401840000003,0.362096389,1.773665758,8.702223188,120169.0,1.789544034,149353.5555,20462.5,4443.8
辽宁省,省,丹东市,地级市,,0.139903595,155.66,40850.0,38614.40434,139111.3987,22.608713,0.987757292,,,35790.0,,丹东市,2015,1534.621869,37.0,2,15290.0,941.0,,,,,,,1.98336714,29334.0,0.39950894,36146.76988,20636.4,4576.71
辽宁省,省,抚顺市,地级市,,0.099469848,191.63,58597.0,57060.02951,239046.9418,10.44179328,1.036302354,6628.185246,6628.185246,50225.0,9.93,抚顺市,2015,2017.27377,42.0,2,11272.0,1416.0,0.588022112,4.680921784,0.588022112,4.680921784,0.124467708,0.990819209,3.480319149,39258.0,0.711845886,50092.59496,20635.5,4724.33
辽宁省,省,阜新市,地级市,,0.121517796,182.52,29491.0,22614.695880000007,155497.0777,6.559945282999999,1.063227402,4320.922042,8978.539309,45939.0,12.65,阜新市,2015,1627.36025,29.0,2,10355.0,490.0,0.417278807,8.81820825,0.867072845,18.32354961,0.093384838,1.973469388,1.928972868,19907.0,0.378855939,24564.26137,20404.1,4741.21
辽宁省,省,葫芦岛市,地级市,,0.098554749,268.87,28176.0,40454.46662,205324.024,12.57844393,1.095870029,3599.430299,3169.063633,47048.0,6.17,葫芦岛市,2015,1604.093938,41.0,2,10414.0,2347.0,0.345633791,1.533630294,0.304308012,1.350261454,0.055790282,0.247550064,3.627065823,38407.0,0.546665297,35455.61782,20279.4,4538.99
辽宁省,省,锦州市,地级市,,0.113571386,301.58,43207.0,20498.96015,126827.1639,14.71961782,0.98291052,2858.8090230000007,3476.0518799999995,47416.0,11.52,锦州市,2015,1689.296241,52.0,2,10047.0,825.0,0.28454354800000004,3.4652230580000003,0.345979086,4.213396218,0.111476063,1.357575758,3.888249876,39213.0,0.705727843,44201.14627,20387.1,4646.25
辽宁省,省,辽阳市,地级市,,0.152342982,373.85,55674.0,31890.93204,141130.8874,16.95624641,0.967322237,5675.504854,5675.504854,50716.0,15.78,辽阳市,2015,1837.782524,34.0,2,4788.0,1111.0,1.185360245,5.108465215,1.185360245,5.108465215,0.287385129,1.238523852,12.49056204,58893.0,1.639635705,47780.62408,20528.5,4633.68
辽宁省,省,盘锦市,地级市,,0.162062449,319.8,87351.0,34039.15952,224478.2048,17.56725667,0.8980514709999999,5199.464286,5962.052381,41579.0,14.76,盘锦市,2015,3050.352381,44.0,2,4065.0,251.0,1.279081005,20.71499715,1.466679553,23.75319674,0.234194342,3.792828685,16.5915861,63496.0,2.398152213,56651.54972,20424.8,4606.54
辽宁省,省,沈阳市,地级市,,0.198534077,567.65,87734.0,64937.64154,215340.5084,18.77049018,0.8814551709999999,5611.596974,6637.372765,61827.0,17.02,沈阳市,2015,1713.648968,142.0,2,12860.0,3471.0,0.436360573,1.61670901,0.516125409,1.912236463,0.701166407,2.597810429,11.74887335,151208.0,2.45785816,198253.297,20504.8,4733.78
辽宁省,省,铁岭市,地级市,,0.096245176,231.04,27885.0,25103.6408,156681.3443,18.28011745,1.130529479,1881.832144,1618.375644,42473.0,,铁岭市,2015,1317.282501,35.0,2,12985.0,659.0,0.14492353800000002,2.855587472,0.124634243,2.455805226,,,2.966864452,38501.0,0.44441619,36482.12506000001,20580.9,4807.97
辽宁省,省,营口市,地级市,,0.126569779,444.49,61925.0,36170.76159,126761.7053,11.74524503,0.953973079,4511.092715,4511.092715,48978.0,7.76,营口市,2015,1927.466887,47.0,2,5242.0,702.0,0.8605670959999999,6.426057999,0.8605670959999999,6.426057999,0.137352156,1.025641026,11.81510464,64924.0,1.755938917,59031.1545,20473.3,4536.13
内蒙古自治区,自治区,阿拉善盟,盟,,,,133187.0,,,,,,,,,阿拉善盟,2015,,,2,,,,,,,,,0.059179531,14169.0,0.124076571,181833.7183,18777.7,4520.72
内蒙古自治区,自治区,巴彦淖尔市,地级市,,,26.4,53000.0,7226.485469,73937.09926,10.32013793,1.043361167,3045.874041,3643.104245,51169.0,19.47,巴彦淖尔市,2015,1493.07551,25.0,2,66277.0,2333.0,0.045956728,1.305561098,0.054967851,1.56155347,0.015284337,0.434204886,0.35734021,23280.0,0.162751961,65797.36282000001,19213.0,4595.99
内蒙古自治区,自治区,包头市,地级市,,,80.67,132253.0,49310.45995,226785.4535,2.065564328,0.795864424,6968.168817,7003.720699,59500.0,18.33,包头市,2015,1955.353495,55.0,2,27768.0,2965.0,0.250942409,2.350141254,0.252222728,2.36213177,0.102708153,0.961888702,2.058593325,56811.0,0.515252704,88386.44889,19438.4,4601.3
内蒙古自治区,自治区,赤峰市,地级市,,,51.43,43269.0,14469.52581,88119.87742,7.413887258,1.076211692,2442.604839,1930.820968,55377.0,17.29,赤峰市,2015,1279.459677,55.0,2,90021.0,7076.0,0.027133723,0.345195709,0.021448562,0.272868989,0.024161029,0.307377049,0.481793297,41890.0,0.181619976,100746.78,20139.7,4816.7
内蒙古自治区,自治区,鄂尔多斯市,地级市,,,18.1,207163.0,24977.09929,173370.4539,4.113875177,0.770470051,7542.104492,7542.104492,73377.0,105.02,鄂尔多斯市,2015,2693.608747,55.0,2,86752.0,2530.0,0.08693868099999999,2.981068969,0.08693868099999999,2.981068969,0.033993453,1.165612648,1.267885111,110093.0,0.302781908,158410.6498,19295.0,4366.6
内蒙古自治区,自治区,呼和浩特市,地级市,,,139.07,101492.0,61880.55922,215727.9793,2.1316604530000003,0.783623345,8539.779934999999,8539.779934999999,53698.0,19.26,呼和浩特市,2015,3777.210356,115.0,2,17186.0,2065.0,0.49690329,4.135486651,0.49690329,4.135486651,0.145816362,1.213559322,4.471372823,76769.0,0.901009434,94831.24289,19542.4,4495.03
内蒙古自治区,自治区,呼伦贝尔市,地级市,,,10.25,63131.0,18426.360630000006,95959.12,14.88707894,1.023116769,4498.08375,3827.316875,48001.0,20.86,呼伦贝尔市,2015,1341.53375,34.0,2,252777.0,1752.0,0.017794672,2.567399401,0.01514108,2.184541595,0.003054075,0.440639269,0.17212945300000002,43294.0,0.13296742,239952.7406,20232.6,5551.31
内蒙古自治区,自治区,通辽市,地级市,,,53.5,60123.0,18132.84096,82797.04628,5.94514133,1.021355453,1950.799468,1950.799468,53093.0,13.92,通辽市,2015,1439.114362,45.0,2,59629.0,3212.0,0.032715616,0.607347281,0.032715616,0.607347281,0.019939962,0.370174346,0.579525767,34119.0,0.207060122,78571.03404,20352.0,4907.2
内蒙古自治区,自治区,乌海市,地级市,,,263.63,100871.0,71711.94869,189910.5375,3.135145495,0.8016242709999999,11171.20809,7567.592575,55577.0,32.12,乌海市,2015,1981.988532,11.0,2,1669.0,1669.0,6.693354156,6.693354156,4.534207653999999,4.534207653999999,0.856201318,0.856201318,13.642684400000002,22565.0,1.702855033,16970.65326,19144.3,4373.81
内蒙古自治区,自治区,乌兰察布市,地级市,,,50.28,43221.0,33014.98137,102970.7943,1.88724607,1.295388675,2837.964015,2837.964015,56538.0,28.07,乌兰察布市,2015,898.6886047,19.0,2,54500.0,527.0,0.052072734,5.385130958,0.052072734,5.385130958,0.016275229,1.683111954,0.6729454570000001,36619.0,0.209723833,71092.60448,19621.3,4616.92
内蒙古自治区,自治区,锡林郭勒盟,盟,,,,96025.0,,,,,,,,,锡林郭勒盟,2015,,,2,,,,,,,,,0.156963165,31384.0,0.140133012,181724.2101,19854.9,4904.62
内蒙古自治区,自治区,兴安盟,盟,,,,31391.0,,,,,,,,,兴安盟,2015,,,2,,,,,,,,,0.33357516,18392.0,0.166616611,61715.29274,20297.7,5172.65
宁夏回族自治区,自治区,固原市,地级市,,,114.97,17796.0,12791.13303,211955.6338,10.5444853,1.228030765,4263.7110090000015,3525.761026,63821.0,17.21,固原市,2015,163.988885,2.0,2,13047.0,4489.0,0.326796276,0.949813101,0.270235382,0.785422372,0.060090442,0.17464914199999998,0.909763735,9588.0,0.319757024,19356.49147,19064.8,3986.81
宁夏回族自治区,自治区,石嘴山市,地级市,,,141.24,61845.0,36411.13953,346034.0338,15.71832995,0.955535996,13205.44849,6666.828365,56881.0,36.39,石嘴山市,2015,1153.87414,9.0,2,5310.0,2262.0,2.486901788,5.837952472,1.255523233,2.947315811,0.297928437,0.699381079,5.138024025,20958.0,0.907399421,22165.95306,19111.2,4328.78
宁夏回族自治区,自治区,吴忠市,地级市,,,83.54,29698.0,31619.58295,76444.56016000001,9.009013423999999,1.030094116,7189.603547,3594.801774,54334.0,12.91,吴忠市,2015,1027.086221,14.0,2,16758.0,1107.0,0.429025155,6.494673484,0.214512577,3.247336742,0.03091061,0.467931346,1.719581127,28901.0,0.422448757,41628.523,19104.0,4157.11
宁夏回族自治区,自治区,银川市,地级市,,,198.34,69594.0,91032.68859,250538.4,16.82399919,0.8371364170000001,7800.132886,7800.132886,65643.0,17.42,银川市,2015,3362.931544,72.0,2,9025.0,2311.0,0.864280652,3.375219769,0.864280652,3.375219769,0.210193906,0.8208567720000001,11.46019756,78892.0,2.422139226,98985.56373,19092.6,4249.38
宁夏回族自治区,自治区,中卫市,地级市,,,68.78,27857.0,21273.56215,106455.718,26.08209045,1.056381803,2813.033011,2461.403885,56173.0,13.37,中卫市,2015,527.4436896000002,6.0,2,17448.0,6877.0,0.161223809,0.409049442,0.14107083199999998,0.35791826200000004,0.031063732,0.078813436,1.4065708419999998,19180.0,0.33579068100000004,26721.21499,19010.6,4111.92
青海省,省,果洛藏族自治州,自治州,,,,18089.0,,,,,,,,,果洛藏族自治州,2015,,,2,,,,,,,,,0.02008589,1492.0,0.131163436,54834.18618,18429.5,3837.94
青海省,省,海北藏族自治州,自治州,,,,31960.0,,,,,,,,,海北藏族自治州,2015,,,2,,,,,,,,,0.05728985,1971.0,0.152483187,30890.196560000004,18556.6,4235.11
青海省,省,海东市,地级市,,,,26531.0,,,,,,,,,海东市,2015,,4.0,2,,,,,,,,,1.389966143,18064.0,0.324483923,24395.99923,18722.0,4057.19
青海省,省,海南藏族自治州,自治州,,,,30150.0,,,,,,,,,海南藏族自治州,2015,,110.0,2,,,,,,,,,0.05974907700000001,2605.0,0.138684153,34772.693810000004,18528.3,4028.05
青海省,省,海西蒙古族藏族自治州,自治州,,,,86713.0,,,,,,,,,海西蒙古族藏族自治州,2015,,,2,,,,,,,,,0.08864391199999999,26664.0,0.167161358,292200.895,18014.6,4193.38
青海省,省,黄南藏族自治州,自治州,,,,27177.0,,,,,,,,,黄南藏族自治州,2015,,,2,,,,,,,,,0.140709094,2536.0,0.14616200699999998,15000.75293,18643.3,3917.2
青海省,省,西宁市,地级市,,,262.4,49178.0,118636.485,278617.3062,7.437628496,0.8754989609999999,3916.831858,3829.79115,58099.0,10.2,西宁市,2015,2654.741593,61.0,2,7660.0,477.0,0.511335752,8.211387543999999,0.499972735,8.028912265,0.125326371,2.012578616,4.426257572,33613.0,0.963595537,42573.57802,18645.7,4120.04
青海省,省,玉树藏族自治州,自治州,,,,15455.0,,,,,,,,,玉树藏族自治州,2015,,,2,,,,,,,,,0.010369597,2125.0,0.153234862,176986.8782,17955.1,3917.4
山东省,省,滨州市,地级市,,0.172074098,402.69,61189.0,29012.91992,20767.96144,3.707638559,1.008762891,2929.812288,2826.102119,53865.0,18.12,滨州市,2015,1944.565678,75.0,2,9660.0,3258.0,0.303293198,0.899267123,0.292557155,0.867434659,0.202173913,0.599447514,10.85184372,98882.0,1.301022565,69802.46266,20105.0,4178.27
山东省,省,德州市,地级市,,0.135636382,566.71,48062.0,9053.133091,42032.40364,3.233261818,1.026377118,2604.086545,2569.132364,48589.0,23.54,德州市,2015,1712.754909,98.0,2,10358.0,1751.0,0.25140824,1.487199626,0.248033632,1.467237215,0.277273605,1.6402055969999998,5.849980717,60676.0,0.819439268,49716.19981000001,20001.1,4138.96
山东省,省,东营市,地级市,,0.267165244,231.71,163938.0,48183.51652,161799.6783,3.326278261,0.905793089,5654.673043,5702.191304,67466.0,27.48,东营市,2015,4704.307826,99.0,2,8243.0,3445.0,0.685996972,1.641414526,0.6917616529999999,1.655207926,0.285939585,0.6841799709999999,13.05987796,102729.0,1.587896847,73317.9611,20174.4,4194.97
山东省,省,菏泽市,地级市,,0.07858596400000001,818.37,28350.0,8859.375,18486.5625,5.55778125,1.184864625,1181.25,1169.4375,45060.0,9.68,菏泽市,2015,1122.1875,95.0,2,12256.0,1415.0,0.096381364,0.8348056540000001,0.095417551,0.826457597,0.124918407,1.081978799,6.47553542,78613.0,0.855158228,59180.37,19927.8,3901.37
山东省,省,济南市,地级市,,0.216973363,782.7,85919.0,74425.57311,126131.909,5.159365525,0.8813458340000001,5535.437213,5535.437213,68997.0,22.93,济南市,2015,2422.634098,172.0,2,7998.0,3303.0,0.692102677,1.675881687,0.692102677,1.675881687,1.045011253,2.530426885,13.00440788,132762.0,1.914263478,113594.3091,20056.2,4074.14
山东省,省,济宁市,地级市,,0.111670312,766.51,48529.0,15163.79975,18879.11222,5.353922594,1.049775455,2347.787032,2238.869077,54077.0,24.41,济宁市,2015,1379.627431,114.0,2,11311.0,1648.0,0.207566708,1.424628054,0.197937324,1.358537061,0.393952789,2.703883495,10.67680914,119655.0,1.225354338,78450.86081,20021.6,3930.64
山东省,省,聊城市,地级市,,0.121175818,692.34,44743.0,20891.28045,20891.28045,2.906612932,1.0467507109999998,1665.246992,1564.322932,48070.0,19.1,聊城市,2015,1682.067669,100.0,2,8984.0,1710.0,0.185356967,0.973828651,0.174123212,0.914808732,0.261687444,1.374853801,8.544253938999999,73754.0,1.065395305,53296.40015,19937.7,4047.45
山东省,省,临沂市,地级市,,0.161482939,653.83,36656.0,16222.22979,26809.57447,4.615146383,1.0958194209999998,1969.285106,1862.046809,56312.0,15.82,临沂市,2015,1179.621277,121.0,2,17191.0,2294.0,0.114553261,0.8584503520000001,0.108315212,0.811703055,0.241172707,1.807323452,8.837513822,151855.0,1.085882831,106632.6081,20162.7,3933.18
山东省,省,青岛市,地级市,,0.214542834,694.03,102519.0,74386.90452000001,110599.261,4.819495355,0.863243051,6239.328387,5181.067742,69465.0,21.3,青岛市,2015,1862.979677,169.0,2,11282.0,3293.0,0.553033894,1.894724685,0.459233092,1.573357954,0.7037759259999999,2.41117522,16.1885078,181716.0,2.856041411,185859.7509,20321.0,4074.13
山东省,省,日照市,地级市,,0.157493062,552.34,58110.0,21747.75449,37162.56287,7.971856886,1.029799671,3514.437126,3514.437126,54734.0,15.38,日照市,2015,2192.1736530000007,63.0,2,5359.0,2043.0,0.655800919,1.720233542,0.655800919,1.720233542,0.383467065,1.005873715,9.885819521,53680.0,1.6296008830000002,50634.95864,20238.8,3969.32
山东省,省,泰安市,地级市,,0.100339826,729.19,56490.0,29371.224680000007,23096.5443,5.03404557,1.011296136,2341.8322780000008,2359.708861,51835.0,10.73,泰安市,2015,1734.0284809999996,97.0,2,7762.0,2087.0,0.301704751,1.12210459,0.304007841,1.130670273,0.224040196,0.833253474,7.381745417,57179.0,0.915692775,40785.87191,20043.6,4002.63
山东省,省,威海市,地级市,,0.201693028,439.88,106922.0,48970.276,66434.20267,11.31947573,0.907945983,6878.648667,6736.085999999998,53494.0,23.5,威海市,2015,2815.612667000001,79.0,2,5797.0,2606.0,1.18658766,2.63954285,1.16199517,2.584837299,0.535621873,1.191481197,9.840642785,58788.0,1.50471614,52352.08393,20478.8,4166.66
山东省,省,潍坊市,地级市,,0.190782353,553.8,55824.0,11596.70716,52930.22205,6.212984449,0.964999362,1921.986847,1921.986847,57148.0,19.57,潍坊市,2015,1295.72147,120.0,2,16143.0,2638.0,0.119060078,0.728577273,0.119060078,0.728577273,0.227095335,1.389689158,11.19449816,179459.0,1.226442812,114007.6709,20223.6,4077.1
山东省,省,烟台市,地级市,,0.17943077899999998,471.41,91979.0,28606.18202,30930.61256,8.517683209,0.931597537,4620.340465,3921.585271,59906.0,18.99,烟台市,2015,1668.456279,117.0,2,13852.0,2738.0,0.333550423,1.6874873869999998,0.283106069,1.432280961,0.253826162,1.284149014,9.720277247,137435.0,1.540271872,127526.8096,20370.7,4168.97
山东省,省,枣庄市,地级市,,0.118545579,893.95,52692.0,38312.01576,21647.84631,6.146534778,1.058434327,3867.540887,3556.0610840000004,49673.0,10.43,枣庄市,2015,2232.271921,86.0,2,4564.0,3069.0,0.8474015970000001,1.260195792,0.779154488,1.1587035140000002,0.543602103,0.808406647,12.33282309,56398.0,1.276111218,33154.64554,20084.7,3883.96
山东省,省,淄博市,地级市,,0.171063711,720.87,89235.0,43601.99274,131454.1743,1.5297428569999998,0.928216852,5768.945521,5660.9128329999985,56782.0,13.73,淄博市,2015,2247.0799030000007,104.0,2,5965.0,2989.0,0.967132527,1.930058722,0.94902143,1.8939153,0.657837385,1.31281365,14.79903026,88513.0,1.665349458,57589.44962000001,20131.6,4076.05
山西省,省,大同市,地级市,,,222.91,30989.0,29011.60667,148688.1733,4.82543,0.933270627,3689.166667,3689.166667,58750.0,13.11,大同市,2015,1682.26,57.0,2,14176.0,2080.0,0.260240312,1.773637821,0.260240312,1.773637821,0.145174944,0.989423077,4.396391277,61888.0,0.7761817320000001,66286.69608,19732.7,4421.91
山西省,省,晋城市,地级市,,,232.36,44994.0,19857.92885,62861.80962000001,7.168755577000001,0.9493734,1946.855769,1946.855769,54721.0,15.28,晋城市,2015,2725.598077,63.0,2,9425.0,143.0,0.20656294600000005,13.61437601,0.20656294600000005,13.61437601,0.061220159,4.034965035,4.2924367960000005,40409.0,0.631769435,34081.43396,19654.6,3943.7
山西省,省,晋中市,地级市,,,201.32,31434.0,11675.48571,39816.4,6.852612,0.986907851,2155.474286,1886.04,51189.0,15.76,晋中市,2015,2933.84,98.0,2,16392.0,1318.0,0.131495503,1.635412963,0.115058565,1.430986343,0.058870181,0.7321699540000001,4.689459558,76879.0,0.684593089,65687.39143999999,19673.8,4134.62
山西省,省,临汾市,地级市,,,212.58,26239.0,9613.426724,42118.11897,4.057997069,0.973987156,1221.47069,1176.231034,48051.0,8.81,临汾市,2015,1945.305172,86.0,2,20275.0,1316.0,0.060245163,0.928169217,0.058013860999999986,0.8937925790000001,0.035166461,0.541793313,2.936221598,59573.0,0.481500956,56417.46699,19534.0,4010.75
山西省,省,吕梁市,地级市,,,182.21,25003.0,3034.46752,11771.64124,4.75051122,1.013616788,680.1392716,653.9800688999999,52890.0,12.27,吕梁市,2015,1883.462598,72.0,2,21239.0,1339.0,0.032023131,0.507945685,0.030791472,0.488409312,0.016196619,0.25690814,3.609138258,76225.0,0.531363782,66061.27089,19523.2,4171.59
山西省,省,朔州市,地级市,,,152.47,51256.0,10465.86281,72407.84432999999,18.90680868,0.91866386,2388.946946,2275.1875670000004,52012.0,10.11,朔州市,2015,1706.390675,30.0,2,10625.0,4107.0,0.224842065,0.58167688,0.2141353,0.5539779810000001,0.06352941200000001,0.16435354300000002,5.585269495,59377.0,0.80343418,51596.54302,19641.0,4388.25
山西省,省,太原市,地级市,,,525.19,63483.0,66518.13613,202010.3201,2.513834124,0.8512050859999999,7877.452555,7668.931751999998,60516.0,14.52,太原市,2015,3382.670803,146.0,2,6988.0,1500.0,1.12728285,5.251635036000001,1.09744301,5.112621168,0.59244419,2.76,11.05982906,76346.0,2.4858251890000003,101366.9796,19615.6,4203.78
山西省,省,忻州市,地级市,,,122.06,21731.0,3572.731666,22744.26498,5.145371587,0.977780098,1180.277425,1180.277425,44880.0,10.77,忻州市,2015,1977.762172,62.0,2,25152.0,1987.0,0.046925788,0.593999711,0.046925788,0.593999711,0.023179071,0.293407146,2.424935477,61072.0,0.4452735820000001,67059.092,19622.3,4306.49
山西省,省,阳泉市,地级市,,,288.84,42688.0,56396.51711,160232.0359,10.84934268,0.947060191,3869.646663,3224.705553,46594.0,9.18,阳泉市,2015,3941.306787,55.0,2,4570.0,652.0,0.8467498170000001,5.935040895,0.705624847,4.945867412,0.14070021900000002,0.986196319,5.043697848,22969.0,0.704746988,19028.87343,19719.4,4217.42
山西省,省,运城市,地级市,,,359.59,22304.0,6977.148718,34332.9094,5.964890256,0.972606906,876.9094017000001,800.6564103,46807.0,10.5,运城市,2015,1677.5658119999996,88.0,2,14183.0,1205.0,0.061828203,0.727725645,0.05645183700000001,0.664445154,0.050482973,0.594190871,3.3682026030000003,47879.0,0.561625558,45528.17584,19505.9,3895.39
山西省,省,长治市,地级市,,,242.52,35029.0,21338.49917,52572.69083,10.32479775,0.983293221,1722.2591670000004,1722.2591670000004,49468.0,10.02,长治市,2015,2393.648333,82.0,2,13896.0,334.0,0.123939203,5.156464571,0.123939203,5.156464571,0.052964882000000005,2.203592814,5.0461791410000005,70591.0,0.714968245,57886.68897999999,19671.8,4040.02
陕西省,省,安康市,地级市,,0.042168645,129.59,29193.0,7558.459413,20105.50204,18.9301616,1.151909215,1511.691883,1511.691883,50410.0,5.31,安康市,2015,944.8074267,25.0,2,23536.0,3646.0,0.064228921,0.414616534,0.064228921,0.414616534,0.022731135,0.146736149,0.500808235,11773.0,0.186361545,24286.45024,19305.8,3627.6
陕西省,省,宝鸡市,地级市,,0.063595202,211.98,47565.0,25562.86592,91595.84078,25.31042598,1.0218237490000002,2364.963687,2338.391061,49414.0,9.42,宝鸡市,2015,1541.212291,58.0,2,18162.0,3625.0,0.130214937,0.652403776,0.128751848,0.645073396,0.073835481,0.369931034,1.73695256,31451.0,0.3600055620000001,36776.00821,19150.5,3812.16
陕西省,省,汉中市,地级市,,0.058197943,141.31,31001.0,,,12.8390934,1.126593888,1228.341509,1111.3566039999996,51411.0,5.37,汉中市,2015,1199.095283,41.0,2,27246.0,556.0,0.04508337,2.209247319,0.040789716,1.998842813,0.011341114,0.555755396,1.029017115,27838.0,0.23307638,35103.63366,19136.1,3669.6
陕西省,省,商洛市,地级市,,0.029323521,130.11,26415.0,4375.376911,13550.92461,18.07497938,1.066275105,1104.464075,764.6289747999998,45014.0,3.34,商洛市,2015,1316.8610119999996,31.0,2,19292.0,2672.0,0.057249848,0.413347333,0.03963451,0.286163538,0.009693137,0.06998503,0.362642974,7102.0,0.168666808,18477.95481,19398.0,3725.19
陕西省,省,铜川市,地级市,,0.090550553,216.38,38378.0,37959.49947,123102.302,22.17260483,0.989075556,5203.171268,4375.394020000002,50310.0,5.92,铜川市,2015,1419.046709,12.0,2,3882.0,2406.0,1.3403326290000002,2.162581574,1.127097893,1.818534506,0.113343637,0.182876143,2.687708494,10474.0,0.542990462,12066.33405,19320.8,3898.09
陕西省,省,渭南市,地级市,,0.081190317,424.09,27452.0,6536.190476,16807.34694,17.44229116,1.039665132,1381.937415,1288.563265,45775.0,15.98,渭南市,2015,1363.262585,73.0,2,13134.0,1264.0,0.10521832,1.093304917,0.098108974,1.019432963,0.117785899,1.223892405,4.048425591,52585.0,0.687320686,50740.07499,19395.0,3869.45
陕西省,省,西安市,地级市,,0.252646632,808.16,66938.0,89800.78931000002,166871.8176,22.64928017,0.941356019,5782.058276,5735.8941380000015,63193.0,12.47,西安市,2015,2135.091379,185.0,2,10097.0,3874.0,0.5726511120000001,1.49252924,0.568079047,1.480612839,0.767257601,1.999741869,12.63840968,127471.0,2.944862607,167412.4944,19296.1,3777.79
陕西省,省,咸阳市,地级市,,0.062450408,518.21,43426.0,10595.13981,54664.48796000001,16.99846435,1.060700155,1809.416667,1829.521296,45309.0,10.59,咸阳市,2015,1588.265741,79.0,2,10189.0,528.0,0.17758530399999994,3.426925505,0.179558474,3.465002455,0.095985867,1.852272727,6.234359867999999,64376.0,1.063429141,62305.24996,19261.1,3853.75
陕西省,省,延安市,地级市,,0.118950952,63.73,53924.0,19637.323330000007,38196.16667,13.42258233,1.0582585,1617.72,1303.163333,61274.0,2.96,延安市,2015,1482.91,33.0,2,37031.0,3539.0,0.043685561,0.457112179,0.035191146,0.368229255,0.003780616,0.039559198,3.475929476,128738.0,0.6012912460000001,128930.6728,19349.1,4035.19
陕西省,省,榆林市,地级市,,0.16129692699999998,86.41,77267.0,8198.559542,29520.7126,9.398852252000001,1.113175642,1887.438168,1622.017176,61316.0,17.81,榆林市,2015,1857.946947,63.0,2,43627.0,7053.0,0.043263075,0.26760785,0.037179205,0.229975496,0.023265409,0.143910393,3.594197499,154360.0,0.703566232,178567.924,19373.1,4212.54
上海市,直辖市,上海市,直辖市,,,,,,,,,,,,,,,,,,,,,,,,,,,,,,,
四川省,省,阿坝藏族羌族自治州,自治州,,,,28647.0,,,,,,,,,阿坝藏族羌族自治州,2015,,,2,,,,,,,,,0.108731029,9020.0,0.130415122,59763.12109,18708.9,3616.87
四川省,省,巴中市,地级市,,0.042099653,309.12,15076.0,8419.930595,18674.20321,9.980624873,1.14126145,1112.633686,962.2777822,43825.0,2.72,巴中市,2015,691.637156,23.0,2,12293.0,2560.0,0.090509533,0.434622533,0.078278515,0.375889759,0.03009843,0.14453125,0.749450728,9210.0,0.210156621,14204.69614,19125.5,3550.54
四川省,省,成都市,地级市,,0.251840487,1013.12,74273.0,77670.30204,121560.1433,9.713257889,0.8445459040000001,4236.311852000002,4153.786296,69123.0,11.04,成都市,2015,1753.668056,255.0,2,12121.0,3240.0,0.349501844,1.307503658,0.342693367,1.282032807,0.6360861320000001,2.37962963,13.87359609,198878.0,2.141076556,166385.2002,18821.4,3413.99
四川省,省,达州市,地级市,,0.038045644,411.74,24342.0,4002.906667,19167.07111,11.94200489,1.231164267,1947.36,1424.457778,48672.0,1.78,达州市,2015,1081.866667,60.0,2,16588.0,3134.0,0.117395708,0.6213656670000001,0.08587278599999999,0.454517479,0.019291054,0.102105935,1.434376319,23792.0,0.347058201,31441.7377,19180.4,3476.26
四川省,省,德阳市,地级市,,0.102188571,659.79,45701.0,9821.457143,24127.85714,19.09790857,1.1070144709999998,2128.928571,2157.314286,59411.0,9.89,德阳市,2015,1816.685714,64.0,2,5911.0,648.0,0.360163859,3.285383598,0.364966044,3.329188713,0.115716461,1.0555555559999998,7.817920054,46157.0,1.10766099,35653.39193,18873.3,3464.01
四川省,省,甘孜藏族自治州,自治州,,,,18423.0,,,,,,,,,甘孜藏族自治州,2015,,,2,,,,,,,,,0.064201802,9613.0,0.121769422,99140.27975,18447.2,3476.54
四川省,省,广安市,地级市,,0.043341446,736.48,31046.0,5194.825743,14723.79604,482.4640616,1.436692073,1536.930693,1475.453465,44079.0,5.47,广安市,2015,1137.328713,37.0,2,6341.0,1534.0,0.24237986,1.0019104909999998,0.232684666,0.961834071,0.109131052,0.451108214,3.647402495,23099.0,0.70388757,24132.08146,19083.2,3375.39
四川省,省,广元市,地级市,,0.061478288,186.99,23263.0,14716.36523,24091.80417,7.711682771,1.17312101,2151.740086,2074.892225,56946.0,6.59,广元市,2015,999.0221826,26.0,2,16311.0,4580.0,0.131919569,0.469812246,0.127208156,0.453033237,0.037582,0.133842795,1.1,17952.0,0.251254433,22604.10511,19008.0,3582.89
四川省,省,乐山市,地级市,,0.07840857700000001,278.24,39973.0,15281.985380000002,27058.64615,15.85390677,1.087849821,2275.386154,2121.643846,54545.0,7.5,乐山市,2015,1783.410769,58.0,2,12723.0,2506.0,0.17884038,0.907975321,0.16675657,0.846625637,0.068458697,0.347565842,2.063382491,26304.0,0.316222591,21536.02331,18776.3,3256.09
四川省,省,凉山彝族自治州,自治州,,,,28276.0,,,,,,,,,凉山彝族自治州,2015,,,2,,,,,,,,,0.4091641070000001,24646.0,0.16406272800000002,52173.42402,18619.5,3117.85
四川省,省,泸州市,地级市,,0.056615363,413.53,31714.0,24666.44444,36976.17481,20.5342277,1.187935964,2819.022222,2701.562963,52051.0,9.47,泸州市,2015,1245.068148,53.0,2,12236.0,2133.0,0.230387563,1.32162317,0.220788081,1.266555538,0.116214449,0.666666667,1.5817928999999995,19339.0,0.305592542,19850.37473,18977.1,3158.64
四川省,省,眉山市,地级市,,0.072095767,488.8,34379.0,660176.933,13951.86602,20.00323757,1.165414722,1568.750485,1501.995146,54451.0,8.29,眉山市,2015,1535.372816,46.0,2,7140.0,1330.0,0.219712953,1.179511643,0.21036346600000005,1.129319658,0.101820728,0.546616541,2.935304734,21143.0,0.46219948,17888.96867,18799.1,3334.21
四川省,省,绵阳市,地级市,,0.089805635,269.16,35754.0,29107.96235,37331.38235,12.98711471,1.147240701,2628.970588,2628.970588,59093.0,12.61,绵阳市,2015,1913.890588,91.0,2,20248.0,1570.0,0.12983853199999998,1.674503559,0.12983853199999998,1.674503559,0.079810352,1.029299363,2.174348598,44061.0,0.444050829,49370.01522,18903.7,3542.29
四川省,省,南充市,地级市,,0.051375572,594.69,23881.0,11107.80724,18963.39934,13.37021776,1.166288338,1806.786184,1806.786184,50286.0,7.71,南充市,2015,1052.649342,67.0,2,12477.0,2526.0,0.144809344,0.715275607,0.144809344,0.715275607,0.120221207,0.593824228,2.771613833,34623.0,0.640556783,43573.23459,19042.6,3462.55
四川省,省,内江市,地级市,,0.041704000000000005,779.8,32080.0,22055.0,33416.66667,29.89588667,1.123949533,1924.8,1924.8,46430.0,3.7,内江市,2015,1283.2,48.0,2,5386.0,1569.0,0.357370962,1.226768642,0.357370962,1.226768642,0.097103602,0.333333333,3.190829775,17189.0,0.5913251629999999,17086.34058,18909.8,3295.84
四川省,省,攀枝花市,地级市,,0.111174503,149.98,75078.0,53720.8181,114988.5185,21.27733913,0.897997845,6005.046132,5923.89686,61915.0,12.24,攀枝花市,2015,1622.985441,20.0,2,7401.0,2018.0,0.8113830740000001,2.9757413930000003,0.800418438,2.935528672,0.11201189,0.410802775,2.589536138,19204.0,0.522985455,20227.50846,18575.9,3000.15
四川省,省,遂宁市,地级市,,0.047166272,712.14,27868.0,7759.612462,23826.57474,12.49754054,1.152530674,2312.668812,2282.238959,49753.0,13.6,遂宁市,2015,1004.185142,33.0,2,5322.0,1874.0,0.434548819,1.234081543,0.428831071,1.217843628,0.388575723,1.103521878,4.193959857,22358.0,0.7637329709999999,22053.55327,18969.6,3403.17
四川省,省,雅安市,地级市,,0.084773035,103.02,32523.0,7183.058657,21290.32701,17.892934399999994,1.002457312,2135.503925,1941.367205,49626.0,5.63,雅安市,2015,2135.503925,33.0,2,15046.0,1681.0,0.141931671,1.270377112,0.129028792,1.154888283,0.023261997000000003,0.208209399,0.892609392,13382.0,0.226437707,18273.74939,18693.3,3339.59
四川省,省,宜宾市,地级市,,0.049420392,415.94,34060.0,15182.30065,31967.42484,14.29629542,1.229009464,1936.745098,1669.607843,55288.0,5.82,宜宾市,2015,1202.117647,54.0,2,13271.0,1835.0,0.14593814300000002,1.05544692,0.125808744,0.909868034,0.055760681,0.403269755,1.625084797,21560.0,0.268155285,18903.33868,18876.6,3178.58
四川省,省,资阳市,地级市,,0.042167717,633.17,35702.0,6803.058268000002,12312.97323,18.91081528,1.4159356980000002,1265.031496,1236.919685,50455.0,4.93,资阳市,2015,983.9133858,35.0,2,7960.0,1633.0,0.158923555,0.774667175,0.15539192,0.7574523479999999,0.068467337,0.33374158,1.795897079,10330.0,0.388519718,12040.22607,18932.3,3345.92
四川省,省,自贡市,地级市,,0.058171228,746.4,41447.0,30867.10789,47045.9807,21.46518316,1.190546896,4071.985965,4071.985965,53344.0,10.4,自贡市,2015,1526.994737,42.0,2,4381.0,1434.0,0.929464954,2.839599697,0.929464954,2.839599697,0.357452636,1.0920502090000002,3.145737855,13728.0,0.523763158,12236.67867,18885.5,3257.7
台湾省,省,台湾省,不统计,,,,,,,,,,,,,,,,,,,,,,,,,,,,,,,
天津市,直辖市,天津市,直辖市,,,,,,,,,,,,,,,,,,,,,,,,,,,,,,,
西藏自治区,自治区,阿里地区,地区,,,,,,,,,,,,,阿里地区,2015,,,2,,,,,,,,,0.002257624,761.0,0.172659882,323642.6607,16792.9,4040.17
西藏自治区,自治区,昌都市,地级市,,,,,,,,,,,,,,,,,,,,,,,,,,,,,,,
西藏自治区,自治区,拉萨市,地级市,,,17.96,59223.0,76400.54681,262214.2224,13.83384387,0.833646296,,,114582.0,44.57,拉萨市,2015,4244.474823,27.0,2,29518.0,519.0,,,,,0.031540077,1.793834297,0.514300152,15267.0,0.262704197,41995.89299,17559.8,3497.34
西藏自治区,自治区,林芝市,地级市,,,,,,,,,,,,,,,,,,,,,,,,,,,,,,,
西藏自治区,自治区,那曲市,地级市,,,,,,,,,,,,,,,,,,,,,,,,,,,,,,,
西藏自治区,自治区,日喀则市,地级市,,,,,,,,,,,,,,,,,,,,,,,,,,,,,,,
西藏自治区,自治区,山南市,地级市,,,,,,,,,,,,,,,,,,,,,,,,,,,,,,,
香港特别行政区,特别行政区,香港特别行政区,特别行政区,,,,,,,,,,,,,,,,,,,,,,,,,,,,,,,
新疆维吾尔自治区,自治区,阿克苏地区,地区,,,,28477.0,,,,,,,,,阿克苏地区,2015,,,2,,,,,,,,,1.163905937,148682.0,0.325948955,256624.8273,17006.6,4977.51
新疆维吾尔自治区,自治区,阿拉尔市,省直辖县,,,,,,,,,,,,,,,,,,,,,,,,,,,,,,,
新疆维吾尔自治区,自治区,阿勒泰地区,地区,,,,34996.0,,,,,,,,,阿勒泰地区,2015,,,2,,,,,,,,,0.164479425,19226.0,0.187264242,148943.6109,17783.4,5449.21
新疆维吾尔自治区,自治区,巴音郭楞蒙古自治州,自治州,,,,73649.0,,,,,,,,,巴音郭楞蒙古自治州,2015,,,2,,,,,,,,,0.119347892,56194.0,0.175368138,498278.7523,17462.0,4644.49
新疆维吾尔自治区,自治区,北屯市,省直辖县,,,,,,,,,,,,,,,,,,,,,,,,,,,,,,,
新疆维吾尔自治区,自治区,博尔塔拉蒙古自治州,自治州,,,,59641.0,,,,,,,,,博尔塔拉蒙古自治州,2015,,,2,,,,,,,,,0.404761905,9673.0,0.23818124,37259.88232,17213.7,5379.18
新疆维吾尔自治区,自治区,昌吉回族自治州,自治州,,,,71251.0,,,,,,,,,昌吉回族自治州,2015,,,2,,,,,,,,,1.058269602,77768.0,0.324006583,154673.2907,17714.8,5163.55
新疆维吾尔自治区,自治区,哈密市,地级市,,,,,,,,,,,,,,,,,,,,,,,,,,,,,,,
新疆维吾尔自治区,自治区,和田地区,地区,,,,10215.0,,,,,,,,,和田地区,2015,,,2,,,,,,,,,0.135417425,33502.0,0.198931125,287276.6361,16789.7,4555.85
新疆维吾尔自治区,自治区,胡杨河市,省直辖县,,,,,,,,,,,,,,,,,,,,,,,,,,,,,,,
新疆维吾尔自治区,自治区,喀什地区,地区,,,,17431.0,,,,,,,,,喀什地区,2015,,,2,,,,,,,,,0.421153689,46500.0,0.24917190600000005,162836.3323,16496.5,4803.49
新疆维吾尔自治区,自治区,可克达拉市,省直辖县,,,,,,,,,,,,,,,,,,,,,,,,,,,,,,,
新疆维吾尔自治区,自治区,克拉玛依市,地级市,,,38.78,131014.0,110942.3972,318048.7486,2.164729702,0.623816819,14986.59025,14154.0019,84559.0,36.74,克拉玛依市,2015,3538.500475,17.0,2,7735.0,7735.0,1.937503587,1.937503587,1.829864499,1.829864499,0.14234001300000002,0.14234001300000002,6.118791101,43731.0,1.538026049,72836.2996,17486.1,5373.74
新疆维吾尔自治区,自治区,克孜勒苏柯尔克孜自治州,自治州,,,,16777.0,,,,,,,,,克孜勒苏柯尔克孜自治州,2015,,,2,,,,,,,,,0.090257469,6296.0,0.170035335,71720.39424,16461.0,5027.03
新疆维吾尔自治区,自治区,昆玉市,省直辖县,,,,,,,,,,,,,,,,,,,,,,,,,,,,,,,
新疆维吾尔自治区,自治区,石河子市,省直辖县,,,,83701.0,,,,,,,,,石河子市,2015,,,2,,,,,,,,,27.46304348,12633.0,4.563216266,13566.44196,17508.2,5220.93
新疆维吾尔自治区,自治区,双河市,省直辖县,,,,,,,,,,,,,,,,,,,,,,,,,,,,,,,
新疆维吾尔自治区,自治区,塔城地区,地区,,,,45964.0,,,,,,,,,塔城地区,2015,,,2,,,,,,,,,0.339319291,32122.0,0.216764956,136441.1844,17459.1,5400.64
新疆维吾尔自治区,自治区,铁门关市,省直辖县,,,,,,,,,,,,,,,,,,,,,,,,,,,,,,,
新疆维吾尔自治区,自治区,图木舒克市,省直辖县,,,,,,,,,,,,,,,,,,,,,,,,,,,,,,,
新疆维吾尔自治区,自治区,吐鲁番市,地级市,,,,,,,,,,,,,,,,,,,,,,,,,,,,,,,
新疆维吾尔自治区,自治区,乌鲁木齐市,地级市,,,193.65,74340.0,132398.69199999998,348747.8783,5.687151331,0.754225939,12154.44867,12154.44867,67617.0,12.37,乌鲁木齐市,2015,3194.076046,113.0,2,13788.0,9596.0,0.881523692,1.26661616,0.881523692,1.26661616,0.233826516,0.335973322,6.121628284,86921.0,1.6363438769999998,149465.2861,17628.0,5113.35
新疆维吾尔自治区,自治区,五家渠市,省直辖县,,,,,,,,,,,,,,,,,,,,,,,,,,,,,,,
新疆维吾尔自治区,自治区,新星市,省直辖县,,,,,,,,,,,,,,,,,,,,,,,,,,,,,,,
新疆维吾尔自治区,自治区,伊犁哈萨克自治州,自治州,,,,34277.0,,,,,,,,,伊犁哈萨克自治州,2015,,,2,,,,,,,,,0.930854249,51291.0,0.3632731970000001,128164.6002,17159.5,5236.56
云南省,省,保山市,地级市,,0.273354054,131.89,21444.0,8352.916643,17482.84879,8.469468969,1.006623582,1320.9263529999996,932.4186021,47295.0,5.81,保山市,2015,466.209301,12.0,2,19637.0,5011.0,0.067267218,0.263605339,0.047482742,0.186074357,0.027346336,0.107164239,0.690689746,13168.0,0.22448923,22036.53631,18279.7,2818.04
云南省,省,楚雄彝族自治州,自治州,,,,27942.0,,,,,,,,,楚雄彝族自治州,2015,,,2,,,,,,,,,0.662152179,18823.0,0.222504758,32665.03352,18547.7,2838.6
云南省,省,大理白族自治州,自治州,,,,25459.0,,,,,,,,,大理白族自治州,2015,,,2,,,,,,,,,1.058091433,29926.0,0.296396006,43458.76797,18395.9,2892.87
云南省,省,德宏傣族景颇族自治州,自治州,,,,22990.0,,,,,,,,,德宏傣族景颇族自治州,2015,,,2,,,,,,,,,1.171456711,13084.0,0.332649145,19082.75088,18184.2,2779.49
云南省,省,迪庆藏族自治州,自治州,,,,39543.0,,,,,,,,,迪庆藏族自治州,2015,,,2,,,,,,,,,0.170756955,3959.0,0.13553364099999998,16605.03951,18358.2,3147.99
云南省,省,红河哈尼族彝族自治州,自治州,,,,26345.0,,,,,,,,,红河哈尼族彝族自治州,2015,,,2,,,,,,,,,1.243980489,40040.0,0.298922525,48942.28602,18684.0,2615.73
云南省,省,昆明市,地级市,,0.326845757,301.86,59656.0,84825.72292,114969.2836,12.05892695,0.8348383859999999,6145.920403,6221.053904,62033.0,17.55,昆明市,2015,2013.577834,134.0,2,18419.0,3842.0,0.33367286,1.599666945,0.33775199,1.619222776,0.266138227,1.27589797,5.5046880210000015,115659.0,1.223062848,132829.5176,18680.4,2833.74
云南省,省,丽江市,地级市,,0.20479866,57.02,20724.0,25259.93252,55528.91682000001,24.75187156,0.864848568,2075.178593,1502.715533,53866.0,11.72,丽江市,2015,1144.92612,16.0,2,21219.0,1255.0,0.097798133,1.653528759,0.070819338,1.197382894,0.008482963,0.143426295,0.596225865,12259.0,0.209217649,22514.74812,18456.2,3024.58
云南省,省,临沧市,地级市,,0.309438364,99.49,20077.0,2479.025528,15993.71309,3.97843613,0.940870157,879.6542197000001,1959.229853,49045.0,6.71,临沧市,2015,239.9056963,6.0,2,23620.0,2557.0,0.037241923,0.344018076,0.08294791900000001,0.766222078,0.009060119,0.083691826,0.4431621220000001,10483.0,0.174738652,21123.10725,18341.5,2695.25
云南省,省,怒江傈僳族自治州,自治州,,,,,,,,,,,,,,,,,,,,,,,,,,,,,,,
云南省,省,普洱市,地级市,,0.363854935,55.08,19789.0,5582.368586,12473.70636,13.00114394,0.962361845,1039.4755300000004,923.9782488,48977.0,9.51,普洱市,2015,0.0,0.0,2,45385.0,4093.0,0.022903504,0.253964214,0.02035867,0.225745968,0.004759282,0.052773027,0.25587544100000004,11323.0,0.13673527900000002,30736.5867,18443.1,2602.51
云南省,省,曲靖市,地级市,,0.17761189100000002,224.18,27045.0,7556.209091,26864.7,11.21957727,1.061885045,1114.581818,1114.581818,46684.0,14.96,曲靖市,2015,819.5454545,50.0,2,28905.0,1553.0,0.038560174,0.717695955,0.038560174,0.717695955,0.037882719,0.705086929,1.761501211,50925.0,0.417447995,62527.03042,18790.2,2862.76
云南省,省,文山壮族苗族自治州,自治州,,,,18612.0,,,,,,,,,文山壮族苗族自治州,2015,,,2,,,,,,,,,0.605055393,19006.0,0.209984576,33646.45856,18857.8,2635.12
云南省,省,西双版纳傣族自治州,自治州,,,,28945.0,,,,,,,,,西双版纳傣族自治州,2015,,,2,,,,,,,,,0.513561723,9789.0,0.189008257,18144.79267,18457.0,2460.7
云南省,省,玉溪市,地级市,,0.35677913200000005,141.32,52812.0,8901.377419,23424.67742,8.633058387,0.919993558,1277.709677,1149.93871,49597.0,15.22,玉溪市,2015,1192.529032,28.0,2,15285.0,1004.0,0.08359239,1.272619201,0.075233151,1.145357281,0.043637553,0.664342629,2.299631491,34322.0,0.512069728,39135.95309,18603.2,2698.98
云南省,省,昭通市,地级市,,0.133729245,266.93,13097.0,3586.8206170000008,10741.97308,4.0287021260000015,1.10803175,758.0394087000002,536.1742159,53071.0,4.6,昭通市,2015,425.2416195,23.0,2,22440.0,2163.0,0.033780722,0.350457424,0.023893682000000003,0.24788452,0.018270945,0.189551549,0.895508422,20097.0,0.23050345100000005,27242.28084,18808.1,3079.62
浙江省,省,杭州市,地级市,,0.249435842,436.25,112230.0,95062.14356,132931.4347,18.43572208,0.804000163,5622.611881,5100.353465,77816.0,12.27,杭州市,2015,2622.40396,236.0,2,16596.0,4876.0,0.338793196,1.153119746,0.307324263,1.046011785,0.39407086,1.341263331,11.89162766,200695.0,2.18071513,198050.3674,20319.5,3339.4
浙江省,省,湖州市,地级市,,0.188513963,453.61,70894.0,26176.24615,29823.19712,20.36839154,0.8988200359999999,3510.616346,3476.532692,61201.0,21.22,湖州市,2015,2794.859615,82.0,2,5820.0,1565.0,0.603198685,2.243205333,0.597342387,2.22142664,0.403436426,1.500319489,16.15391215,94145.0,1.858735127,58726.73632999999,20350.9,3436.52
浙江省,省,嘉兴市,地级市,,0.199989899,891.44,76850.0,24495.9375,23426.15057,19.26053125,0.7629982390000001,2161.40625,2161.40625,67689.0,15.02,嘉兴市,2015,2379.730114,109.0,2,3915.0,968.0,0.552083333,2.232857696,0.552083333,2.232857696,0.334355045,1.352272727,33.31875544,153133.0,4.020054158,100356.632,20439.8,3430.15
浙江省,省,金华市,地级市,,0.237753674,436.85,62480.0,8728.823529000001,17935.43529,23.72034824,0.878560682,1470.117647,1470.117647,66782.0,17.94,金华市,2015,2186.8,119.0,2,10942.0,2049.0,0.134355479,0.71748055,0.134355479,0.71748055,0.157558033,0.841386042,11.9978022,131016.0,1.874512817,109300.9679,20373.2,3255.63
浙江省,省,丽水市,地级市,,0.132353981,153.78,51676.0,17053.08,19214.07636,18.87113564,1.251404807,1644.236364,1738.192727,77238.0,10.99,丽水市,2015,2395.887273,51.0,2,17298.0,1502.0,0.095053553,1.094697978,0.100485185,1.157252149,0.025494277000000003,0.293608522,2.315356543,39970.0,0.404357632,36944.5394,20337.4,3150.06
浙江省,省,宁波市,地级市,,0.230808837,598.0,102374.0,60490.23725,59210.56225,12.06733525,0.750618965,4120.5535,3800.63475,74989.0,13.44,宁波市,2015,1996.293,156.0,2,9816.0,2462.0,0.419779289,1.673661048,0.387187729,1.54371842,0.317746536,1.266856214,24.07453176,249364.0,4.594233488,255673.6879,20516.8,3336.54
浙江省,省,衢州市,地级市,,0.131927023,289.43,53847.0,27017.14696,15077.16,21.94616426,1.200460336,3324.466957,3277.643478,75447.0,13.58,衢州市,2015,2668.938261,57.0,2,8845.0,2354.0,0.375858333,1.412262938,0.370564554,1.392371911,0.129903901,0.488105353,3.856932987,34130.0,0.5252829960000001,24760.264580000006,20249.5,3226.34
浙江省,省,绍兴市,地级市,,0.195331477,535.09,90003.0,39766.42617,35155.534230000005,19.93153685,0.8921975240000001,4006.844966,4429.677852000002,58728.0,11.81,绍兴市,2015,2355.783221,117.0,2,8279.0,2965.0,0.483976926,1.351381102,0.535049867,1.4939891580000002,0.311511052,0.869814503,14.48798454,119975.0,2.034378692,90468.82042,20434.6,3329.88
浙江省,省,台州市,地级市,,0.192643321,634.36,58917.0,13559.208169999998,26985.645630000006,20.0218222,0.991614601,2323.487324,2140.927606,57215.0,18.0,台州市,2015,1941.771549,117.0,2,9411.0,1536.0,0.246890588,1.51268706,0.227492042,1.3938330769999998,0.304749761,1.8671875,13.80346988,143211.0,1.9437996,107243.3115,20492.9,3224.87
浙江省,省,温州市,地级市,,0.172866623,671.19,50790.0,25812.75325,44468.73377,21.10533377,0.89180424,2616.454545,2000.818182,64412.0,18.1,温州市,2015,1616.0454550000004,147.0,2,12083.0,1311.0,0.216540143,1.995770058,0.165589521,1.5261771030000002,0.248530994,2.290617849,12.18064254,149761.0,1.860889962,120712.21,20434.2,3123.18
浙江省,省,舟山市,地级市,,0.106303175,666.67,95113.0,58376.6945,74257.94771000001,25.44490899,0.849559787,5410.097248,5061.058716,74717.0,16.81,舟山市,2015,2443.269725,28.0,2,1455.0,1034.0,3.718279895,5.232202367,3.47839087,4.894640924,0.819931271,1.15377176,26.77250308,43425.0,4.1392465210000005,36152.17911000001,20581.0,3386.5
重庆市,直辖市,重庆市,直辖市,,,,,,,,,,,,,,,,,,,,,,,,,,,,,,,
